"KrillID","SensorName","Date","Time","User","SensorID","delta_t","Unit","Value","Unit.1","Mode","Phase","Unit.2","Amplitude","Unit.3","Temp","Unit.4","patm","Unit.5","Salinity","Unit.6","Error","Cal0","Unit.7","T0","Unit.8","O2.2nd","Unit.9","Cal2nd","Unit.10","T2nd","Unit.11","CalPressure","Unit.12","f1","dPhi1","dkSv1","dPhi2","dkSv2","m","Cal.Mode","SignalLEDCurrent","ReferenceLEDCurrent","ReferenceAmplitude","DeviceSerial","FwVersion","SensorType","BatchID","Calibration.Date","Sensor.lot","PreSens.calibrated.Sensor","Battery.Voltage","Unit.13","Sequence","FileName","MOATS","Treatment","LoadingLocation","GlassVialNumber","Species","TelsonLength..mm.","Size","dateTime","TrialID.x","percentDOassumpt","assumedSatDOmg","percentDO","obseveredSatDOmg","actualDOmg","CorTemp","SalinityConstant","oxygen","sapply(cSlopes, I)","TrialID.y"
"Trial04_KRLr4_59","KRLr4_59","29-Oct-19",2019-10-29 17:28:42,"default              ",189658826,8.33,"min",9.538,"mg/l","humid",28.065,"deg",4430,"uV",11,"∞C",1013,"mbar",30.3,"pmil",0,59,"deg",20,"∞C",100,"%a.s.",27,"deg",20,"∞C",1013,"mbar",0.808,-0.0803,0.000433,0,0,29.87,"humid",12,48.997,39218,"SAAA0005000123","     p1.4.0.6 ","PSt3","191029-0",191029,194400,1,6.182,"V",2,"2019.10.29_RESPR_T2","blank",NA,"A4",2,"Euphausia pacifica","n/a","n/a",2019-10-29 17:28:42,"Trial04",1.04817164688236,9.09965464947414,1.04817164688236,9.09965464947414,9.538,11,30.3,267.63628,-0.0308097503113855,"Trial04_KRLr4_59"
"Trial04_KRLr4_59","KRLr4_59","29-Oct-19",2019-10-29 17:58:24,"default              ",189658826,38.03,"min",8.868,"mg/l","humid",28.856,"deg",36742,"uV",11,"∞C",1013,"mbar",30.3,"pmil",0,59,"deg",20,"∞C",100,"%a.s.",27,"deg",20,"∞C",1013,"mbar",0.808,-0.0803,0.000433,0,0,29.87,"humid",12,48.997,39238,"SAAA0005000123","     p1.4.0.6 ","PSt3","191029-0",191029,194400,1,6.182,"V",2,"2019.10.29_RESPR_T2","blank",NA,"A4",2,"Euphausia pacifica","n/a","n/a",2019-10-29 17:58:24,"Trial04",0.97454247898435,9.09965464947414,0.97454247898435,9.09965464947414,8.868,11,30.3,248.83608,-0.0308097503113855,"Trial04_KRLr4_59"
"Trial04_KRLr4_59","KRLr4_59","29-Oct-19",2019-10-29 19:13:01,"default              ",189658826,112.65,"min",8.864,"mg/l","humid",28.861,"deg",19680,"uV",11,"∞C",1013,"mbar",30.3,"pmil",0,59,"deg",20,"∞C",100,"%a.s.",27,"deg",20,"∞C",1013,"mbar",0.808,-0.0803,0.000433,0,0,29.87,"humid",12,48.997,39430,"SAAA0005000123","     p1.4.0.6 ","PSt3","191029-0",191029,194400,1,6.184,"V",2,"2019.10.29_RESPR_T2","blank",NA,"A4",2,"Euphausia pacifica","n/a","n/a",2019-10-29 19:13:01,"Trial04",0.974102901862571,9.09965464947414,0.974102901862571,9.09965464947414,8.864,11,30.3,248.72384,-0.0308097503113855,"Trial04_KRLr4_59"
"Trial04_KRLr4_59","KRLr4_59","29-Oct-19",2019-10-29 18:13:49,"default              ",189658826,53.45,"min",8.953,"mg/l","humid",28.751,"deg",38602,"uV",11,"∞C",1013,"mbar",30.3,"pmil",0,59,"deg",20,"∞C",100,"%a.s.",27,"deg",20,"∞C",1013,"mbar",0.808,-0.0803,0.000433,0,0,29.87,"humid",12,48.997,39289,"SAAA0005000123","     p1.4.0.6 ","PSt3","191029-0",191029,194400,1,6.185,"V",2,"2019.10.29_RESPR_T2","blank",NA,"A4",2,"Euphausia pacifica","n/a","n/a",2019-10-29 18:13:49,"Trial04",0.983883492822157,9.09965464947414,0.983883492822157,9.09965464947414,8.953,11,30.3,251.22118,-0.0308097503113855,"Trial04_KRLr4_59"
"Trial04_KRLr4_59","KRLr4_59","29-Oct-19",2019-10-29 18:13:50,"default              ",189658826,53.47,"min",8.95,"mg/l","humid",28.755,"deg",38743,"uV",11,"∞C",1013,"mbar",30.3,"pmil",0,59,"deg",20,"∞C",100,"%a.s.",27,"deg",20,"∞C",1013,"mbar",0.808,-0.0803,0.000433,0,0,29.87,"humid",12,48.997,39290,"SAAA0005000123","     p1.4.0.6 ","PSt3","191029-0",191029,194400,1,6.182,"V",2,"2019.10.29_RESPR_T2","blank",NA,"A4",2,"Euphausia pacifica","n/a","n/a",2019-10-29 18:13:50,"Trial04",0.983553809980823,9.09965464947414,0.983553809980823,9.09965464947414,8.95,11,30.3,251.137,-0.0308097503113855,"Trial04_KRLr4_59"
"Trial04_KRLr4_59","KRLr4_59","29-Oct-19",2019-10-29 17:20:30,"default              ",189658826,0.13,"min",8.929,"mg/l","humid",28.781,"deg",12197,"uV",11,"∞C",1013,"mbar",30.3,"pmil",0,59,"deg",20,"∞C",100,"%a.s.",27,"deg",20,"∞C",1013,"mbar",0.808,-0.0803,0.000433,0,0,29.87,"humid",12,48.997,39220,"SAAA0005000123","     p1.4.0.6 ","PSt3","191029-0",191029,194400,1,6.183,"V",2,"2019.10.29_RESPR_T2","blank",NA,"A4",2,"Euphausia pacifica","n/a","n/a",2019-10-29 17:20:30,"Trial04",0.981246030091482,9.09965464947414,0.981246030091482,9.09965464947414,8.929,11,30.3,250.54774,-0.0308097503113855,"Trial04_KRLr4_59"
"Trial04_KRLr4_59","KRLr4_59","29-Oct-19",2019-10-29 17:58:25,"default              ",189658826,38.05,"min",8.882,"mg/l","humid",28.839,"deg",36476,"uV",11,"∞C",1013,"mbar",30.3,"pmil",0,59,"deg",20,"∞C",100,"%a.s.",27,"deg",20,"∞C",1013,"mbar",0.808,-0.0803,0.000433,0,0,29.87,"humid",12,48.997,39239,"SAAA0005000123","     p1.4.0.6 ","PSt3","191029-0",191029,194400,1,6.184,"V",2,"2019.10.29_RESPR_T2","blank",NA,"A4",2,"Euphausia pacifica","n/a","n/a",2019-10-29 17:58:25,"Trial04",0.976080998910577,9.09965464947414,0.976080998910577,9.09965464947414,8.882,11,30.3,249.22892,-0.0308097503113855,"Trial04_KRLr4_59"
"Trial04_KRLr4_59","KRLr4_59","29-Oct-19",2019-10-29 18:13:53,"default              ",189658826,53.52,"min",8.954,"mg/l","humid",28.75,"deg",39016,"uV",11,"∞C",1013,"mbar",30.3,"pmil",0,59,"deg",20,"∞C",100,"%a.s.",27,"deg",20,"∞C",1013,"mbar",0.808,-0.0803,0.000433,0,0,29.87,"humid",12,48.997,39290,"SAAA0005000123","     p1.4.0.6 ","PSt3","191029-0",191029,194400,1,6.185,"V",2,"2019.10.29_RESPR_T2","blank",NA,"A4",2,"Euphausia pacifica","n/a","n/a",2019-10-29 18:13:53,"Trial04",0.983993387102602,9.09965464947414,0.983993387102602,9.09965464947414,8.954,11,30.3,251.24924,-0.0308097503113855,"Trial04_KRLr4_59"
"Trial04_KRLr4_59","KRLr4_59","29-Oct-19",2019-10-29 18:13:44,"default              ",189658826,53.37,"min",10.387,"mg/l","humid",27.155,"deg",2589,"uV",11,"∞C",1013,"mbar",30.3,"pmil",4,59,"deg",20,"∞C",100,"%a.s.",27,"deg",20,"∞C",1013,"mbar",0.808,-0.0803,0.000433,0,0,29.87,"humid",12,48.997,39265,"SAAA0005000123","     p1.4.0.6 ","PSt3","191029-0",191029,194400,1,6.186,"V",2,"2019.10.29_RESPR_T2","blank",NA,"A4",2,"Euphausia pacifica","n/a","n/a",2019-10-29 18:13:44,"Trial04",1.14147189097998,9.09965464947414,1.14147189097998,9.09965464947414,10.387,11,30.3,291.45922,-0.0308097503113855,"Trial04_KRLr4_59"
"Trial04_KRLr4_59","KRLr4_59","29-Oct-19",2019-10-29 17:28:43,"default              ",189658826,8.35,"min",8.965,"mg/l","humid",28.737,"deg",18384,"uV",11,"∞C",1013,"mbar",30.3,"pmil",0,59,"deg",20,"∞C",100,"%a.s.",27,"deg",20,"∞C",1013,"mbar",0.808,-0.0803,0.000433,0,0,29.87,"humid",12,48.997,39210,"SAAA0005000123","     p1.4.0.6 ","PSt3","191029-0",191029,194400,1,6.181,"V",2,"2019.10.29_RESPR_T2","blank",NA,"A4",2,"Euphausia pacifica","n/a","n/a",2019-10-29 17:28:43,"Trial04",0.985202224187494,9.09965464947414,0.985202224187494,9.09965464947414,8.965,11,30.3,251.5579,-0.0308097503113855,"Trial04_KRLr4_59"
"Trial04_KRLr4_59","KRLr4_59","29-Oct-19",2019-10-29 17:28:44,"default              ",189658826,8.37,"min",8.945,"mg/l","humid",28.761,"deg",21689,"uV",11,"∞C",1013,"mbar",30.3,"pmil",0,59,"deg",20,"∞C",100,"%a.s.",27,"deg",20,"∞C",1013,"mbar",0.808,-0.0803,0.000433,0,0,29.87,"humid",12,48.997,39203,"SAAA0005000123","     p1.4.0.6 ","PSt3","191029-0",191029,194400,1,6.184,"V",2,"2019.10.29_RESPR_T2","blank",NA,"A4",2,"Euphausia pacifica","n/a","n/a",2019-10-29 17:28:44,"Trial04",0.983004338578599,9.09965464947414,0.983004338578599,9.09965464947414,8.945,11,30.3,250.9967,-0.0308097503113855,"Trial04_KRLr4_59"
"Trial04_KRLr4_59","KRLr4_59","29-Oct-19",2019-10-29 17:20:34,"default              ",189658826,0.2,"min",9.142,"mg/l","humid",28.524,"deg",5990,"uV",11,"∞C",1013,"mbar",30.3,"pmil",0,59,"deg",20,"∞C",100,"%a.s.",27,"deg",20,"∞C",1013,"mbar",0.808,-0.0803,0.000433,0,0,29.87,"humid",12,48.997,39191,"SAAA0005000123","     p1.4.0.6 ","PSt3","191029-0",191029,194400,1,6.182,"V",2,"2019.10.29_RESPR_T2","blank",NA,"A4",2,"Euphausia pacifica","n/a","n/a",2019-10-29 17:20:34,"Trial04",1.00465351182622,9.09965464947414,1.00465351182622,9.09965464947414,9.142,11,30.3,256.52452,-0.0308097503113855,"Trial04_KRLr4_59"
"Trial04_KRLr4_59","KRLr4_59","29-Oct-19",2019-10-29 17:58:22,"default              ",189658826,38,"min",8.878,"mg/l","humid",28.844,"deg",36593,"uV",11,"∞C",1013,"mbar",30.3,"pmil",0,59,"deg",20,"∞C",100,"%a.s.",27,"deg",20,"∞C",1013,"mbar",0.808,-0.0803,0.000433,0,0,29.87,"humid",12,48.997,39284,"SAAA0005000123","     p1.4.0.6 ","PSt3","191029-0",191029,194400,1,6.184,"V",2,"2019.10.29_RESPR_T2","blank",NA,"A4",2,"Euphausia pacifica","n/a","n/a",2019-10-29 17:58:22,"Trial04",0.975641421788798,9.09965464947414,0.975641421788798,9.09965464947414,8.878,11,30.3,249.11668,-0.0308097503113855,"Trial04_KRLr4_59"
"Trial04_KRLr4_59","KRLr4_59","29-Oct-19",2019-10-29 17:58:23,"default              ",189658826,38.02,"min",8.88,"mg/l","humid",28.841,"deg",36695,"uV",11,"∞C",1013,"mbar",30.3,"pmil",0,59,"deg",20,"∞C",100,"%a.s.",27,"deg",20,"∞C",1013,"mbar",0.808,-0.0803,0.000433,0,0,29.87,"humid",12,48.997,39225,"SAAA0005000123","     p1.4.0.6 ","PSt3","191029-0",191029,194400,1,6.186,"V",2,"2019.10.29_RESPR_T2","blank",NA,"A4",2,"Euphausia pacifica","n/a","n/a",2019-10-29 17:58:23,"Trial04",0.975861210349688,9.09965464947414,0.975861210349688,9.09965464947414,8.88,11,30.3,249.1728,-0.0308097503113855,"Trial04_KRLr4_59"
"Trial04_KRLr4_59","KRLr4_59","29-Oct-19",2019-10-29 19:29:24,"default              ",189658826,129.03,"min",8.86,"mg/l","humid",28.866,"deg",37368,"uV",11,"∞C",1013,"mbar",30.3,"pmil",0,59,"deg",20,"∞C",100,"%a.s.",27,"deg",20,"∞C",1013,"mbar",0.808,-0.0803,0.000433,0,0,29.87,"humid",12,48.997,39398,"SAAA0005000123","     p1.4.0.6 ","PSt3","191029-0",191029,194400,1,6.186,"V",2,"2019.10.29_RESPR_T2","blank",NA,"A4",2,"Euphausia pacifica","n/a","n/a",2019-10-29 19:29:24,"Trial04",0.973663324740792,9.09965464947414,0.973663324740792,9.09965464947414,8.86,11,30.3,248.6116,-0.0308097503113855,"Trial04_KRLr4_59"
"Trial04_KRLr4_59","KRLr4_59","29-Oct-19",2019-10-29 18:13:51,"default              ",189658826,53.48,"min",8.956,"mg/l","humid",28.748,"deg",38842,"uV",11,"∞C",1013,"mbar",30.3,"pmil",0,59,"deg",20,"∞C",100,"%a.s.",27,"deg",20,"∞C",1013,"mbar",0.808,-0.0803,0.000433,0,0,29.87,"humid",12,48.997,39296,"SAAA0005000123","     p1.4.0.6 ","PSt3","191029-0",191029,194400,1,6.182,"V",2,"2019.10.29_RESPR_T2","blank",NA,"A4",2,"Euphausia pacifica","n/a","n/a",2019-10-29 18:13:51,"Trial04",0.984213175663491,9.09965464947414,0.984213175663491,9.09965464947414,8.956,11,30.3,251.30536,-0.0308097503113855,"Trial04_KRLr4_59"
"Trial04_KRLr4_59","KRLr4_59","29-Oct-19",2019-10-29 18:13:52,"default              ",189658826,53.5,"min",8.947,"mg/l","humid",28.759,"deg",38998,"uV",11,"∞C",1013,"mbar",30.3,"pmil",0,59,"deg",20,"∞C",100,"%a.s.",27,"deg",20,"∞C",1013,"mbar",0.808,-0.0803,0.000433,0,0,29.87,"humid",12,48.997,39289,"SAAA0005000123","     p1.4.0.6 ","PSt3","191029-0",191029,194400,1,6.186,"V",2,"2019.10.29_RESPR_T2","blank",NA,"A4",2,"Euphausia pacifica","n/a","n/a",2019-10-29 18:13:52,"Trial04",0.983224127139488,9.09965464947414,0.983224127139488,9.09965464947414,8.947,11,30.3,251.05282,-0.0308097503113855,"Trial04_KRLr4_59"
"Trial04_KRLr4_59","KRLr4_59","29-Oct-19",2019-10-29 18:28:23,"default              ",189658826,68.02,"min",8.933,"mg/l","humid",28.776,"deg",23915,"uV",11,"∞C",1013,"mbar",30.3,"pmil",0,59,"deg",20,"∞C",100,"%a.s.",27,"deg",20,"∞C",1013,"mbar",0.808,-0.0803,0.000433,0,0,29.87,"humid",12,48.997,39354,"SAAA0005000123","     p1.4.0.6 ","PSt3","191029-0",191029,194400,1,6.186,"V",2,"2019.10.29_RESPR_T2","blank",NA,"A4",2,"Euphausia pacifica","n/a","n/a",2019-10-29 18:28:23,"Trial04",0.981685607213261,9.09965464947414,0.981685607213261,9.09965464947414,8.933,11,30.3,250.65998,-0.0308097503113855,"Trial04_KRLr4_59"
"Trial04_KRLr4_59","KRLr4_59","29-Oct-19",2019-10-29 18:13:54,"default              ",189658826,53.53,"min",8.945,"mg/l","humid",28.761,"deg",39103,"uV",11,"∞C",1013,"mbar",30.3,"pmil",0,59,"deg",20,"∞C",100,"%a.s.",27,"deg",20,"∞C",1013,"mbar",0.808,-0.0803,0.000433,0,0,29.87,"humid",12,48.997,39283,"SAAA0005000123","     p1.4.0.6 ","PSt3","191029-0",191029,194400,1,6.184,"V",2,"2019.10.29_RESPR_T2","blank",NA,"A4",2,"Euphausia pacifica","n/a","n/a",2019-10-29 18:13:54,"Trial04",0.983004338578599,9.09965464947414,0.983004338578599,9.09965464947414,8.945,11,30.3,250.9967,-0.0308097503113855,"Trial04_KRLr4_59"
"Trial04_KRLr4_59","KRLr4_59","29-Oct-19",2019-10-29 18:13:55,"default              ",189658826,53.55,"min",8.939,"mg/l","humid",28.769,"deg",39226,"uV",11,"∞C",1013,"mbar",30.3,"pmil",0,59,"deg",20,"∞C",100,"%a.s.",27,"deg",20,"∞C",1013,"mbar",0.808,-0.0803,0.000433,0,0,29.87,"humid",12,48.997,39294,"SAAA0005000123","     p1.4.0.6 ","PSt3","191029-0",191029,194400,1,6.184,"V",2,"2019.10.29_RESPR_T2","blank",NA,"A4",2,"Euphausia pacifica","n/a","n/a",2019-10-29 18:13:55,"Trial04",0.98234497289593,9.09965464947414,0.98234497289593,9.09965464947414,8.939,11,30.3,250.82834,-0.0308097503113855,"Trial04_KRLr4_59"
"Trial04_KRLr4_59","KRLr4_59","29-Oct-19",2019-10-29 18:28:25,"default              ",189658826,68.05,"min",8.861,"mg/l","humid",28.864,"deg",36389,"uV",11,"∞C",1013,"mbar",30.3,"pmil",0,59,"deg",20,"∞C",100,"%a.s.",27,"deg",20,"∞C",1013,"mbar",0.808,-0.0803,0.000433,0,0,29.87,"humid",12,48.997,39331,"SAAA0005000123","     p1.4.0.6 ","PSt3","191029-0",191029,194400,1,6.185,"V",2,"2019.10.29_RESPR_T2","blank",NA,"A4",2,"Euphausia pacifica","n/a","n/a",2019-10-29 18:28:25,"Trial04",0.973773219021237,9.09965464947414,0.973773219021237,9.09965464947414,8.861,11,30.3,248.63966,-0.0308097503113855,"Trial04_KRLr4_59"
"Trial04_KRLr4_59","KRLr4_59","29-Oct-19",2019-10-29 17:20:32,"default              ",189658826,0.17,"min",8.774,"mg/l","humid",28.972,"deg",34915,"uV",11,"∞C",1013,"mbar",30.3,"pmil",0,59,"deg",20,"∞C",100,"%a.s.",27,"deg",20,"∞C",1013,"mbar",0.808,-0.0803,0.000433,0,0,29.87,"humid",12,48.997,39185,"SAAA0005000123","     p1.4.0.6 ","PSt3","191029-0",191029,194400,1,6.184,"V",2,"2019.10.29_RESPR_T2","blank",NA,"A4",2,"Euphausia pacifica","n/a","n/a",2019-10-29 17:20:32,"Trial04",0.96421241662254,9.09965464947414,0.96421241662254,9.09965464947414,8.774,11,30.3,246.19844,-0.0308097503113855,"Trial04_KRLr4_59"
"Trial04_KRLr4_59","KRLr4_59","29-Oct-19",2019-10-29 19:13:02,"default              ",189658826,112.67,"min",8.79,"mg/l","humid",28.953,"deg",36403,"uV",11,"∞C",1013,"mbar",30.3,"pmil",0,59,"deg",20,"∞C",100,"%a.s.",27,"deg",20,"∞C",1013,"mbar",0.808,-0.0803,0.000433,0,0,29.87,"humid",12,48.997,39414,"SAAA0005000123","     p1.4.0.6 ","PSt3","191029-0",191029,194400,1,6.185,"V",2,"2019.10.29_RESPR_T2","blank",NA,"A4",2,"Euphausia pacifica","n/a","n/a",2019-10-29 19:13:02,"Trial04",0.965970725109657,9.09965464947414,0.965970725109657,9.09965464947414,8.79,11,30.3,246.6474,-0.0308097503113855,"Trial04_KRLr4_59"
"Trial04_KRLr4_59","KRLr4_59","29-Oct-19",2019-10-29 19:13:03,"default              ",189658826,112.68,"min",8.933,"mg/l","humid",28.776,"deg",12944,"uV",11,"∞C",1013,"mbar",30.3,"pmil",0,59,"deg",20,"∞C",100,"%a.s.",27,"deg",20,"∞C",1013,"mbar",0.808,-0.0803,0.000433,0,0,29.87,"humid",12,48.997,39406,"SAAA0005000123","     p1.4.0.6 ","PSt3","191029-0",191029,194400,1,6.186,"V",2,"2019.10.29_RESPR_T2","blank",NA,"A4",2,"Euphausia pacifica","n/a","n/a",2019-10-29 19:13:03,"Trial04",0.981685607213261,9.09965464947414,0.981685607213261,9.09965464947414,8.933,11,30.3,250.65998,-0.0308097503113855,"Trial04_KRLr4_59"
"Trial04_KRLr4_59","KRLr4_59","29-Oct-19",2019-10-29 17:28:45,"default              ",189658826,8.38,"min",8.935,"mg/l","humid",28.774,"deg",21699,"uV",11,"∞C",1013,"mbar",30.3,"pmil",0,59,"deg",20,"∞C",100,"%a.s.",27,"deg",20,"∞C",1013,"mbar",0.808,-0.0803,0.000433,0,0,29.87,"humid",12,48.997,39186,"SAAA0005000123","     p1.4.0.6 ","PSt3","191029-0",191029,194400,1,6.182,"V",2,"2019.10.29_RESPR_T2","blank",NA,"A4",2,"Euphausia pacifica","n/a","n/a",2019-10-29 17:28:45,"Trial04",0.981905395774151,9.09965464947414,0.981905395774151,9.09965464947414,8.935,11,30.3,250.7161,-0.0308097503113855,"Trial04_KRLr4_59"
"Trial04_KRLr4_59","KRLr4_59","29-Oct-19",2019-10-29 17:28:46,"default              ",189658826,8.4,"min",8.939,"mg/l","humid",28.768,"deg",21047,"uV",11,"∞C",1013,"mbar",30.3,"pmil",0,59,"deg",20,"∞C",100,"%a.s.",27,"deg",20,"∞C",1013,"mbar",0.808,-0.0803,0.000433,0,0,29.87,"humid",12,48.997,39186,"SAAA0005000123","     p1.4.0.6 ","PSt3","191029-0",191029,194400,1,6.184,"V",2,"2019.10.29_RESPR_T2","blank",NA,"A4",2,"Euphausia pacifica","n/a","n/a",2019-10-29 17:28:46,"Trial04",0.98234497289593,9.09965464947414,0.98234497289593,9.09965464947414,8.939,11,30.3,250.82834,-0.0308097503113855,"Trial04_KRLr4_59"
"Trial04_KRLr4_59","KRLr4_59","29-Oct-19",2019-10-29 19:29:23,"default              ",189658826,129.02,"min",8.861,"mg/l","humid",28.864,"deg",37252,"uV",11,"∞C",1013,"mbar",30.3,"pmil",0,59,"deg",20,"∞C",100,"%a.s.",27,"deg",20,"∞C",1013,"mbar",0.808,-0.0803,0.000433,0,0,29.87,"humid",12,48.997,39401,"SAAA0005000123","     p1.4.0.6 ","PSt3","191029-0",191029,194400,1,6.188,"V",2,"2019.10.29_RESPR_T2","blank",NA,"A4",2,"Euphausia pacifica","n/a","n/a",2019-10-29 19:29:23,"Trial04",0.973773219021237,9.09965464947414,0.973773219021237,9.09965464947414,8.861,11,30.3,248.63966,-0.0308097503113855,"Trial04_KRLr4_59"
"Trial04_KRLr4_59","KRLr4_59","29-Oct-19",2019-10-29 18:13:48,"default              ",189658826,53.43,"min",8.956,"mg/l","humid",28.748,"deg",39155,"uV",11,"∞C",1013,"mbar",30.3,"pmil",0,59,"deg",20,"∞C",100,"%a.s.",27,"deg",20,"∞C",1013,"mbar",0.808,-0.0803,0.000433,0,0,29.87,"humid",12,48.997,39288,"SAAA0005000123","     p1.4.0.6 ","PSt3","191029-0",191029,194400,1,6.184,"V",2,"2019.10.29_RESPR_T2","blank",NA,"A4",2,"Euphausia pacifica","n/a","n/a",2019-10-29 18:13:48,"Trial04",0.984213175663491,9.09965464947414,0.984213175663491,9.09965464947414,8.956,11,30.3,251.30536,-0.0308097503113855,"Trial04_KRLr4_59"
"Trial04_KRLr4_59","KRLr4_59","29-Oct-19",2019-10-29 18:57:36,"default              ",189658826,97.23,"min",8.819,"mg/l","humid",28.917,"deg",37960,"uV",11,"∞C",1013,"mbar",30.3,"pmil",0,59,"deg",20,"∞C",100,"%a.s.",27,"deg",20,"∞C",1013,"mbar",0.808,-0.0803,0.000433,0,0,29.87,"humid",12,48.997,39386,"SAAA0005000123","     p1.4.0.6 ","PSt3","191029-0",191029,194400,1,6.184,"V",2,"2019.10.29_RESPR_T2","blank",NA,"A4",2,"Euphausia pacifica","n/a","n/a",2019-10-29 18:57:36,"Trial04",0.969157659242556,9.09965464947414,0.969157659242556,9.09965464947414,8.819,11,30.3,247.46114,-0.0308097503113855,"Trial04_KRLr4_59"
"Trial04_KRLr4_59","KRLr4_59","29-Oct-19",2019-10-29 18:43:26,"default              ",189658826,83.07,"min",8.852,"mg/l","humid",28.875,"deg",39394,"uV",11,"∞C",1013,"mbar",30.3,"pmil",0,59,"deg",20,"∞C",100,"%a.s.",27,"deg",20,"∞C",1013,"mbar",0.808,-0.0803,0.000433,0,0,29.87,"humid",12,48.997,39282,"SAAA0005000123","     p1.4.0.6 ","PSt3","191029-0",191029,194400,1,6.185,"V",2,"2019.10.29_RESPR_T2","blank",NA,"A4",2,"Euphausia pacifica","n/a","n/a",2019-10-29 18:43:26,"Trial04",0.972784170497234,9.09965464947414,0.972784170497234,9.09965464947414,8.852,11,30.3,248.38712,-0.0308097503113855,"Trial04_KRLr4_59"
"Trial04_KRLr4_59","KRLr4_59","29-Oct-19",2019-10-29 18:57:39,"default              ",189658826,97.28,"min",8.828,"mg/l","humid",28.905,"deg",38088,"uV",11,"∞C",1013,"mbar",30.3,"pmil",0,59,"deg",20,"∞C",100,"%a.s.",27,"deg",20,"∞C",1013,"mbar",0.808,-0.0803,0.000433,0,0,29.87,"humid",12,48.997,39351,"SAAA0005000123","     p1.4.0.6 ","PSt3","191029-0",191029,194400,1,6.186,"V",2,"2019.10.29_RESPR_T2","blank",NA,"A4",2,"Euphausia pacifica","n/a","n/a",2019-10-29 18:57:39,"Trial04",0.970146707766559,9.09965464947414,0.970146707766559,9.09965464947414,8.828,11,30.3,247.71368,-0.0308097503113855,"Trial04_KRLr4_59"
"Trial04_KRLr4_59","KRLr4_59","29-Oct-19",2019-10-29 18:43:25,"default              ",189658826,83.05,"min",8.849,"mg/l","humid",28.879,"deg",39412,"uV",11,"∞C",1013,"mbar",30.3,"pmil",0,59,"deg",20,"∞C",100,"%a.s.",27,"deg",20,"∞C",1013,"mbar",0.808,-0.0803,0.000433,0,0,29.87,"humid",12,48.997,39289,"SAAA0005000123","     p1.4.0.6 ","PSt3","191029-0",191029,194400,1,6.184,"V",2,"2019.10.29_RESPR_T2","blank",NA,"A4",2,"Euphausia pacifica","n/a","n/a",2019-10-29 18:43:25,"Trial04",0.972454487655899,9.09965464947414,0.972454487655899,9.09965464947414,8.849,11,30.3,248.30294,-0.0308097503113855,"Trial04_KRLr4_59"
"Trial04_KRLr4_59","KRLr4_59","29-Oct-19",2019-10-29 17:20:31,"default              ",189658826,0.15,"min",8.759,"mg/l","humid",28.992,"deg",34381,"uV",11,"∞C",1013,"mbar",30.3,"pmil",0,59,"deg",20,"∞C",100,"%a.s.",27,"deg",20,"∞C",1013,"mbar",0.808,-0.0803,0.000433,0,0,29.87,"humid",12,48.997,39168,"SAAA0005000123","     p1.4.0.6 ","PSt3","191029-0",191029,194400,1,6.183,"V",2,"2019.10.29_RESPR_T2","blank",NA,"A4",2,"Euphausia pacifica","n/a","n/a",2019-10-29 17:20:31,"Trial04",0.962564002415869,9.09965464947414,0.962564002415869,9.09965464947414,8.759,11,30.3,245.77754,-0.0308097503113855,"Trial04_KRLr4_59"
"Trial04_KRLr4_59","KRLr4_59","29-Oct-19",2019-10-29 17:43:46,"default              ",189658826,23.4,"min",8.918,"mg/l","humid",28.794,"deg",39524,"uV",11,"∞C",1013,"mbar",30.3,"pmil",0,59,"deg",20,"∞C",100,"%a.s.",27,"deg",20,"∞C",1013,"mbar",0.808,-0.0803,0.000433,0,0,29.87,"humid",12,48.997,39247,"SAAA0005000123","     p1.4.0.6 ","PSt3","191029-0",191029,194400,1,6.183,"V",2,"2019.10.29_RESPR_T2","blank",NA,"A4",2,"Euphausia pacifica","n/a","n/a",2019-10-29 17:43:46,"Trial04",0.980037193006589,9.09965464947414,0.980037193006589,9.09965464947414,8.918,11,30.3,250.23908,-0.0308097503113855,"Trial04_KRLr4_59"
"Trial04_KRLr4_59","KRLr4_59","29-Oct-19",2019-10-29 17:20:33,"default              ",189658826,0.18,"min",8.765,"mg/l","humid",28.984,"deg",34479,"uV",11,"∞C",1013,"mbar",30.3,"pmil",0,59,"deg",20,"∞C",100,"%a.s.",27,"deg",20,"∞C",1013,"mbar",0.808,-0.0803,0.000433,0,0,29.87,"humid",12,48.997,39184,"SAAA0005000123","     p1.4.0.6 ","PSt3","191029-0",191029,194400,1,6.184,"V",2,"2019.10.29_RESPR_T2","blank",NA,"A4",2,"Euphausia pacifica","n/a","n/a",2019-10-29 17:20:33,"Trial04",0.963223368098537,9.09965464947414,0.963223368098537,9.09965464947414,8.765,11,30.3,245.9459,-0.0308097503113855,"Trial04_KRLr4_59"
"Trial04_KRLr4_59","KRLr4_59","29-Oct-19",2019-10-29 18:13:45,"default              ",189658826,53.38,"min",10.345,"mg/l","humid",27.198,"deg",2789,"uV",11,"∞C",1013,"mbar",30.3,"pmil",4,59,"deg",20,"∞C",100,"%a.s.",27,"deg",20,"∞C",1013,"mbar",0.808,-0.0803,0.000433,0,0,29.87,"humid",12,48.997,39280,"SAAA0005000123","     p1.4.0.6 ","PSt3","191029-0",191029,194400,1,6.185,"V",2,"2019.10.29_RESPR_T2","blank",NA,"A4",2,"Euphausia pacifica","n/a","n/a",2019-10-29 18:13:45,"Trial04",1.1368563312013,9.09965464947414,1.1368563312013,9.09965464947414,10.345,11,30.3,290.2807,-0.0308097503113855,"Trial04_KRLr4_59"
"Trial04_KRLr4_59","KRLr4_59","29-Oct-19",2019-10-29 18:13:43,"default              ",189658826,53.35,"min",10.42,"mg/l","humid",27.122,"deg",2566,"uV",11,"∞C",1013,"mbar",30.3,"pmil",4,59,"deg",20,"∞C",100,"%a.s.",27,"deg",20,"∞C",1013,"mbar",0.808,-0.0803,0.000433,0,0,29.87,"humid",12,48.997,39319,"SAAA0005000123","     p1.4.0.6 ","PSt3","191029-0",191029,194400,1,6.184,"V",2,"2019.10.29_RESPR_T2","blank",NA,"A4",2,"Euphausia pacifica","n/a","n/a",2019-10-29 18:13:43,"Trial04",1.14509840223466,9.09965464947414,1.14509840223466,9.09965464947414,10.42,11,30.3,292.3852,-0.0308097503113855,"Trial04_KRLr4_59"
"Trial04_KRLr4_59","KRLr4_59","29-Oct-19",2019-10-29 18:28:24,"default              ",189658826,68.03,"min",8.861,"mg/l","humid",28.865,"deg",37228,"uV",11,"∞C",1013,"mbar",30.3,"pmil",0,59,"deg",20,"∞C",100,"%a.s.",27,"deg",20,"∞C",1013,"mbar",0.808,-0.0803,0.000433,0,0,29.87,"humid",12,48.997,39342,"SAAA0005000123","     p1.4.0.6 ","PSt3","191029-0",191029,194400,1,6.186,"V",2,"2019.10.29_RESPR_T2","blank",NA,"A4",2,"Euphausia pacifica","n/a","n/a",2019-10-29 18:28:24,"Trial04",0.973773219021237,9.09965464947414,0.973773219021237,9.09965464947414,8.861,11,30.3,248.63966,-0.0308097503113855,"Trial04_KRLr4_59"
"Trial04_KRLr4_59","KRLr4_59","29-Oct-19",2019-10-29 18:57:37,"default              ",189658826,97.25,"min",8.825,"mg/l","humid",28.909,"deg",38301,"uV",11,"∞C",1013,"mbar",30.3,"pmil",0,59,"deg",20,"∞C",100,"%a.s.",27,"deg",20,"∞C",1013,"mbar",0.808,-0.0803,0.000433,0,0,29.87,"humid",12,48.997,39344,"SAAA0005000123","     p1.4.0.6 ","PSt3","191029-0",191029,194400,1,6.186,"V",2,"2019.10.29_RESPR_T2","blank",NA,"A4",2,"Euphausia pacifica","n/a","n/a",2019-10-29 18:57:37,"Trial04",0.969817024925224,9.09965464947414,0.969817024925224,9.09965464947414,8.825,11,30.3,247.6295,-0.0308097503113855,"Trial04_KRLr4_59"
"Trial04_KRLr4_59","KRLr4_59","29-Oct-19",2019-10-29 19:29:22,"default              ",189658826,129,"min",8.867,"mg/l","humid",28.857,"deg",37804,"uV",11,"∞C",1013,"mbar",30.3,"pmil",0,59,"deg",20,"∞C",100,"%a.s.",27,"deg",20,"∞C",1013,"mbar",0.808,-0.0803,0.000433,0,0,29.87,"humid",12,48.997,39429,"SAAA0005000123","     p1.4.0.6 ","PSt3","191029-0",191029,194400,1,6.185,"V",2,"2019.10.29_RESPR_T2","blank",NA,"A4",2,"Euphausia pacifica","n/a","n/a",2019-10-29 19:29:22,"Trial04",0.974432584703906,9.09965464947414,0.974432584703906,9.09965464947414,8.867,11,30.3,248.80802,-0.0308097503113855,"Trial04_KRLr4_59"
"Trial04_KRLr4_59","KRLr4_59","29-Oct-19",2019-10-29 17:43:45,"default              ",189658826,23.38,"min",8.908,"mg/l","humid",28.806,"deg",39683,"uV",11,"∞C",1013,"mbar",30.3,"pmil",0,59,"deg",20,"∞C",100,"%a.s.",27,"deg",20,"∞C",1013,"mbar",0.808,-0.0803,0.000433,0,0,29.87,"humid",12,48.997,39255,"SAAA0005000123","     p1.4.0.6 ","PSt3","191029-0",191029,194400,1,6.183,"V",2,"2019.10.29_RESPR_T2","blank",NA,"A4",2,"Euphausia pacifica","n/a","n/a",2019-10-29 17:43:45,"Trial04",0.978938250202142,9.09965464947414,0.978938250202142,9.09965464947414,8.908,11,30.3,249.95848,-0.0308097503113855,"Trial04_KRLr4_59"
"Trial04_KRLr4_59","KRLr4_59","29-Oct-19",2019-10-29 18:13:47,"default              ",189658826,53.42,"min",8.958,"mg/l","humid",28.746,"deg",39446,"uV",11,"∞C",1013,"mbar",30.3,"pmil",0,59,"deg",20,"∞C",100,"%a.s.",27,"deg",20,"∞C",1013,"mbar",0.808,-0.0803,0.000433,0,0,29.87,"humid",12,48.997,39293,"SAAA0005000123","     p1.4.0.6 ","PSt3","191029-0",191029,194400,1,6.185,"V",2,"2019.10.29_RESPR_T2","blank",NA,"A4",2,"Euphausia pacifica","n/a","n/a",2019-10-29 18:13:47,"Trial04",0.984432964224381,9.09965464947414,0.984432964224381,9.09965464947414,8.958,11,30.3,251.36148,-0.0308097503113855,"Trial04_KRLr4_59"
"Trial04_KRLr4_59","KRLr4_59","29-Oct-19",2019-10-29 17:43:44,"default              ",189658826,23.37,"min",8.902,"mg/l","humid",28.814,"deg",39743,"uV",11,"∞C",1013,"mbar",30.3,"pmil",0,59,"deg",20,"∞C",100,"%a.s.",27,"deg",20,"∞C",1013,"mbar",0.808,-0.0803,0.000433,0,0,29.87,"humid",12,48.997,39276,"SAAA0005000123","     p1.4.0.6 ","PSt3","191029-0",191029,194400,1,6.184,"V",2,"2019.10.29_RESPR_T2","blank",NA,"A4",2,"Euphausia pacifica","n/a","n/a",2019-10-29 17:43:44,"Trial04",0.978278884519473,9.09965464947414,0.978278884519473,9.09965464947414,8.902,11,30.3,249.79012,-0.0308097503113855,"Trial04_KRLr4_59"
"Trial04_KRLr4_59","KRLr4_59","29-Oct-19",2019-10-29 18:57:38,"default              ",189658826,97.27,"min",8.837,"mg/l","humid",28.894,"deg",37805,"uV",11,"∞C",1013,"mbar",30.3,"pmil",0,59,"deg",20,"∞C",100,"%a.s.",27,"deg",20,"∞C",1013,"mbar",0.808,-0.0803,0.000433,0,0,29.87,"humid",12,48.997,39365,"SAAA0005000123","     p1.4.0.6 ","PSt3","191029-0",191029,194400,1,6.186,"V",2,"2019.10.29_RESPR_T2","blank",NA,"A4",2,"Euphausia pacifica","n/a","n/a",2019-10-29 18:57:38,"Trial04",0.971135756290562,9.09965464947414,0.971135756290562,9.09965464947414,8.837,11,30.3,247.96622,-0.0308097503113855,"Trial04_KRLr4_59"
"Trial04_KRLr4_59","KRLr4_59","29-Oct-19",2019-10-29 18:43:23,"default              ",189658826,83.02,"min",8.852,"mg/l","humid",28.875,"deg",39316,"uV",11,"∞C",1013,"mbar",30.3,"pmil",0,59,"deg",20,"∞C",100,"%a.s.",27,"deg",20,"∞C",1013,"mbar",0.808,-0.0803,0.000433,0,0,29.87,"humid",12,48.997,39293,"SAAA0005000123","     p1.4.0.6 ","PSt3","191029-0",191029,194400,1,6.185,"V",2,"2019.10.29_RESPR_T2","blank",NA,"A4",2,"Euphausia pacifica","n/a","n/a",2019-10-29 18:43:23,"Trial04",0.972784170497234,9.09965464947414,0.972784170497234,9.09965464947414,8.852,11,30.3,248.38712,-0.0308097503113855,"Trial04_KRLr4_59"
"Trial04_KRLr4_59","KRLr4_59","29-Oct-19",2019-10-29 18:43:24,"default              ",189658826,83.03,"min",8.847,"mg/l","humid",28.882,"deg",39413,"uV",11,"∞C",1013,"mbar",30.3,"pmil",0,59,"deg",20,"∞C",100,"%a.s.",27,"deg",20,"∞C",1013,"mbar",0.808,-0.0803,0.000433,0,0,29.87,"humid",12,48.997,39291,"SAAA0005000123","     p1.4.0.6 ","PSt3","191029-0",191029,194400,1,6.186,"V",2,"2019.10.29_RESPR_T2","blank",NA,"A4",2,"Euphausia pacifica","n/a","n/a",2019-10-29 18:43:24,"Trial04",0.97223469909501,9.09965464947414,0.97223469909501,9.09965464947414,8.847,11,30.3,248.24682,-0.0308097503113855,"Trial04_KRLr4_59"
"Trial04_KRLr4_59","KRLr4_59","29-Oct-19",2019-10-29 18:43:22,"default              ",189658826,83,"min",8.846,"mg/l","humid",28.883,"deg",39334,"uV",11,"∞C",1013,"mbar",30.3,"pmil",0,59,"deg",20,"∞C",100,"%a.s.",27,"deg",20,"∞C",1013,"mbar",0.808,-0.0803,0.000433,0,0,29.87,"humid",12,48.997,39323,"SAAA0005000123","     p1.4.0.6 ","PSt3","191029-0",191029,194400,1,6.184,"V",2,"2019.10.29_RESPR_T2","blank",NA,"A4",2,"Euphausia pacifica","n/a","n/a",2019-10-29 18:43:22,"Trial04",0.972124804814565,9.09965464947414,0.972124804814565,9.09965464947414,8.846,11,30.3,248.21876,-0.0308097503113855,"Trial04_KRLr4_59"
"Trial04_KRLr4_59","KRLr4_59","29-Oct-19",2019-10-29 18:13:46,"default              ",189658826,53.4,"min",9.16,"mg/l","humid",28.502,"deg",12059,"uV",11,"∞C",1013,"mbar",30.3,"pmil",0,59,"deg",20,"∞C",100,"%a.s.",27,"deg",20,"∞C",1013,"mbar",0.808,-0.0803,0.000433,0,0,29.87,"humid",12,48.997,39290,"SAAA0005000123","     p1.4.0.6 ","PSt3","191029-0",191029,194400,1,6.185,"V",2,"2019.10.29_RESPR_T2","blank",NA,"A4",2,"Euphausia pacifica","n/a","n/a",2019-10-29 18:13:46,"Trial04",1.00663160887423,9.09965464947414,1.00663160887423,9.09965464947414,9.16,11,30.3,257.0296,-0.0308097503113855,"Trial04_KRLr4_59"
"Trial04_KRLr4_59","KRLr4_59","29-Oct-19",2019-10-29 17:43:47,"default              ",189658826,23.42,"min",8.899,"mg/l","humid",28.818,"deg",39480,"uV",11,"∞C",1013,"mbar",30.3,"pmil",0,59,"deg",20,"∞C",100,"%a.s.",27,"deg",20,"∞C",1013,"mbar",0.808,-0.0803,0.000433,0,0,29.87,"humid",12,48.997,39247,"SAAA0005000123","     p1.4.0.6 ","PSt3","191029-0",191029,194400,1,6.185,"V",2,"2019.10.29_RESPR_T2","blank",NA,"A4",2,"Euphausia pacifica","n/a","n/a",2019-10-29 17:43:47,"Trial04",0.977949201678138,9.09965464947414,0.977949201678138,9.09965464947414,8.899,11,30.3,249.70594,-0.0308097503113855,"Trial04_KRLr4_59"
"Trial04_KRLr4_68","KRLr4_68","29-Oct-19",2019-10-29 17:22:45,"default              ",117067286,2.38,"min",8.852,"mg/l","humid",28.875,"deg",38472,"uV",11,"∞C",1013,"mbar",30.3,"pmil",0,59,"deg",20,"∞C",100,"%a.s.",27,"deg",20,"∞C",1013,"mbar",0.808,-0.0803,0.000433,0,0,29.87,"humid",12,48.997,39241,"SAAA0005000123","     p1.4.0.6 ","PSt3","191029-0",191029,194400,1,6.182,"V",11,"2019.10.29_RESPR_T2","blank",NA,"G2",11,"Euphausia pacifica","n/a","n/a",2019-10-29 17:22:45,"Trial04",0.972784170497234,9.09965464947414,0.972784170497234,9.09965464947414,8.852,11,30.3,248.38712,0.00653500995090321,"Trial04_KRLr4_68"
"Trial04_KRLr4_68","KRLr4_68","29-Oct-19",2019-10-29 17:22:46,"default              ",117067286,2.4,"min",8.866,"mg/l","humid",28.858,"deg",36619,"uV",11,"∞C",1013,"mbar",30.3,"pmil",0,59,"deg",20,"∞C",100,"%a.s.",27,"deg",20,"∞C",1013,"mbar",0.808,-0.0803,0.000433,0,0,29.87,"humid",12,48.997,39215,"SAAA0005000123","     p1.4.0.6 ","PSt3","191029-0",191029,194400,1,6.182,"V",11,"2019.10.29_RESPR_T2","blank",NA,"G2",11,"Euphausia pacifica","n/a","n/a",2019-10-29 17:22:46,"Trial04",0.974322690423461,9.09965464947414,0.974322690423461,9.09965464947414,8.866,11,30.3,248.77996,0.00653500995090321,"Trial04_KRLr4_68"
"Trial04_KRLr4_68","KRLr4_68","29-Oct-19",2019-10-29 19:30:45,"default              ",117067286,130.38,"min",8.935,"mg/l","humid",28.774,"deg",37005,"uV",11,"∞C",1013,"mbar",30.3,"pmil",0,59,"deg",20,"∞C",100,"%a.s.",27,"deg",20,"∞C",1013,"mbar",0.808,-0.0803,0.000433,0,0,29.87,"humid",12,48.997,39375,"SAAA0005000123","     p1.4.0.6 ","PSt3","191029-0",191029,194400,1,6.186,"V",11,"2019.10.29_RESPR_T2","blank",NA,"G2",11,"Euphausia pacifica","n/a","n/a",2019-10-29 19:30:45,"Trial04",0.981905395774151,9.09965464947414,0.981905395774151,9.09965464947414,8.935,11,30.3,250.7161,0.00653500995090321,"Trial04_KRLr4_68"
"Trial04_KRLr4_68","KRLr4_68","29-Oct-19",2019-10-29 18:30:13,"default              ",117067286,69.85,"min",8.873,"mg/l","humid",28.85,"deg",43952,"uV",11,"∞C",1013,"mbar",30.3,"pmil",0,59,"deg",20,"∞C",100,"%a.s.",27,"deg",20,"∞C",1013,"mbar",0.808,-0.0803,0.000433,0,0,29.87,"humid",12,48.997,39331,"SAAA0005000123","     p1.4.0.6 ","PSt3","191029-0",191029,194400,1,6.186,"V",11,"2019.10.29_RESPR_T2","blank",NA,"G2",11,"Euphausia pacifica","n/a","n/a",2019-10-29 18:30:13,"Trial04",0.975091950386574,9.09965464947414,0.975091950386574,9.09965464947414,8.873,11,30.3,248.97638,0.00653500995090321,"Trial04_KRLr4_68"
"Trial04_KRLr4_68","KRLr4_68","29-Oct-19",2019-10-29 18:30:12,"default              ",117067286,69.83,"min",8.867,"mg/l","humid",28.857,"deg",42908,"uV",11,"∞C",1013,"mbar",30.3,"pmil",0,59,"deg",20,"∞C",100,"%a.s.",27,"deg",20,"∞C",1013,"mbar",0.808,-0.0803,0.000433,0,0,29.87,"humid",12,48.997,39354,"SAAA0005000123","     p1.4.0.6 ","PSt3","191029-0",191029,194400,1,6.184,"V",11,"2019.10.29_RESPR_T2","blank",NA,"G2",11,"Euphausia pacifica","n/a","n/a",2019-10-29 18:30:12,"Trial04",0.974432584703906,9.09965464947414,0.974432584703906,9.09965464947414,8.867,11,30.3,248.80802,0.00653500995090321,"Trial04_KRLr4_68"
"Trial04_KRLr4_68","KRLr4_68","29-Oct-19",2019-10-29 18:59:42,"default              ",117067286,99.33,"min",8.903,"mg/l","humid",28.813,"deg",36021,"uV",11,"∞C",1013,"mbar",30.3,"pmil",0,59,"deg",20,"∞C",100,"%a.s.",27,"deg",20,"∞C",1013,"mbar",0.808,-0.0803,0.000433,0,0,29.87,"humid",12,48.997,39349,"SAAA0005000123","     p1.4.0.6 ","PSt3","191029-0",191029,194400,1,6.187,"V",11,"2019.10.29_RESPR_T2","blank",NA,"G2",11,"Euphausia pacifica","n/a","n/a",2019-10-29 18:59:42,"Trial04",0.978388778799918,9.09965464947414,0.978388778799918,9.09965464947414,8.903,11,30.3,249.81818,0.00653500995090321,"Trial04_KRLr4_68"
"Trial04_KRLr4_68","KRLr4_68","29-Oct-19",2019-10-29 18:59:43,"default              ",117067286,99.35,"min",8.907,"mg/l","humid",28.808,"deg",36021,"uV",11,"∞C",1013,"mbar",30.3,"pmil",0,59,"deg",20,"∞C",100,"%a.s.",27,"deg",20,"∞C",1013,"mbar",0.808,-0.0803,0.000433,0,0,29.87,"humid",12,48.997,39354,"SAAA0005000123","     p1.4.0.6 ","PSt3","191029-0",191029,194400,1,6.186,"V",11,"2019.10.29_RESPR_T2","blank",NA,"G2",11,"Euphausia pacifica","n/a","n/a",2019-10-29 18:59:43,"Trial04",0.978828355921697,9.09965464947414,0.978828355921697,9.09965464947414,8.907,11,30.3,249.93042,0.00653500995090321,"Trial04_KRLr4_68"
"Trial04_KRLr4_68","KRLr4_68","29-Oct-19",2019-10-29 18:59:44,"default              ",117067286,99.37,"min",8.915,"mg/l","humid",28.798,"deg",36368,"uV",11,"∞C",1013,"mbar",30.3,"pmil",0,59,"deg",20,"∞C",100,"%a.s.",27,"deg",20,"∞C",1013,"mbar",0.808,-0.0803,0.000433,0,0,29.87,"humid",12,48.997,39352,"SAAA0005000123","     p1.4.0.6 ","PSt3","191029-0",191029,194400,1,6.184,"V",11,"2019.10.29_RESPR_T2","blank",NA,"G2",11,"Euphausia pacifica","n/a","n/a",2019-10-29 18:59:44,"Trial04",0.979707510165255,9.09965464947414,0.979707510165255,9.09965464947414,8.915,11,30.3,250.1549,0.00653500995090321,"Trial04_KRLr4_68"
"Trial04_KRLr4_68","KRLr4_68","29-Oct-19",2019-10-29 18:45:10,"default              ",117067286,84.8,"min",8.849,"mg/l","humid",28.879,"deg",39474,"uV",11,"∞C",1013,"mbar",30.3,"pmil",0,59,"deg",20,"∞C",100,"%a.s.",27,"deg",20,"∞C",1013,"mbar",0.808,-0.0803,0.000433,0,0,29.87,"humid",12,48.997,39330,"SAAA0005000123","     p1.4.0.6 ","PSt3","191029-0",191029,194400,1,6.184,"V",11,"2019.10.29_RESPR_T2","blank",NA,"G2",11,"Euphausia pacifica","n/a","n/a",2019-10-29 18:45:10,"Trial04",0.972454487655899,9.09965464947414,0.972454487655899,9.09965464947414,8.849,11,30.3,248.30294,0.00653500995090321,"Trial04_KRLr4_68"
"Trial04_KRLr4_68","KRLr4_68","29-Oct-19",2019-10-29 17:30:40,"default              ",117067286,10.3,"min",8.847,"mg/l","humid",28.882,"deg",40670,"uV",11,"∞C",1013,"mbar",30.3,"pmil",0,59,"deg",20,"∞C",100,"%a.s.",27,"deg",20,"∞C",1013,"mbar",0.808,-0.0803,0.000433,0,0,29.87,"humid",12,48.997,39229,"SAAA0005000123","     p1.4.0.6 ","PSt3","191029-0",191029,194400,1,6.182,"V",11,"2019.10.29_RESPR_T2","blank",NA,"G2",11,"Euphausia pacifica","n/a","n/a",2019-10-29 17:30:40,"Trial04",0.97223469909501,9.09965464947414,0.97223469909501,9.09965464947414,8.847,11,30.3,248.24682,0.00653500995090321,"Trial04_KRLr4_68"
"Trial04_KRLr4_68","KRLr4_68","29-Oct-19",2019-10-29 17:30:41,"default              ",117067286,10.32,"min",8.841,"mg/l","humid",28.889,"deg",40689,"uV",11,"∞C",1013,"mbar",30.3,"pmil",0,59,"deg",20,"∞C",100,"%a.s.",27,"deg",20,"∞C",1013,"mbar",0.808,-0.0803,0.000433,0,0,29.87,"humid",12,48.997,39171,"SAAA0005000123","     p1.4.0.6 ","PSt3","191029-0",191029,194400,1,6.183,"V",11,"2019.10.29_RESPR_T2","blank",NA,"G2",11,"Euphausia pacifica","n/a","n/a",2019-10-29 17:30:41,"Trial04",0.971575333412341,9.09965464947414,0.971575333412341,9.09965464947414,8.841,11,30.3,248.07846,0.00653500995090321,"Trial04_KRLr4_68"
"Trial04_KRLr4_68","KRLr4_68","29-Oct-19",2019-10-29 17:30:42,"default              ",117067286,10.33,"min",8.856,"mg/l","humid",28.871,"deg",40930,"uV",11,"∞C",1013,"mbar",30.3,"pmil",0,59,"deg",20,"∞C",100,"%a.s.",27,"deg",20,"∞C",1013,"mbar",0.808,-0.0803,0.000433,0,0,29.87,"humid",12,48.997,39189,"SAAA0005000123","     p1.4.0.6 ","PSt3","191029-0",191029,194400,1,6.182,"V",11,"2019.10.29_RESPR_T2","blank",NA,"G2",11,"Euphausia pacifica","n/a","n/a",2019-10-29 17:30:42,"Trial04",0.973223747619013,9.09965464947414,0.973223747619013,9.09965464947414,8.856,11,30.3,248.49936,0.00653500995090321,"Trial04_KRLr4_68"
"Trial04_KRLr4_68","KRLr4_68","29-Oct-19",2019-10-29 18:59:45,"default              ",117067286,99.38,"min",8.9,"mg/l","humid",28.816,"deg",35440,"uV",11,"∞C",1013,"mbar",30.3,"pmil",0,59,"deg",20,"∞C",100,"%a.s.",27,"deg",20,"∞C",1013,"mbar",0.808,-0.0803,0.000433,0,0,29.87,"humid",12,48.997,39349,"SAAA0005000123","     p1.4.0.6 ","PSt3","191029-0",191029,194400,1,6.186,"V",11,"2019.10.29_RESPR_T2","blank",NA,"G2",11,"Euphausia pacifica","n/a","n/a",2019-10-29 18:59:45,"Trial04",0.978059095958583,9.09965464947414,0.978059095958583,9.09965464947414,8.9,11,30.3,249.734,0.00653500995090321,"Trial04_KRLr4_68"
"Trial04_KRLr4_68","KRLr4_68","29-Oct-19",2019-10-29 19:30:44,"default              ",117067286,130.37,"min",8.931,"mg/l","humid",28.779,"deg",36807,"uV",11,"∞C",1013,"mbar",30.3,"pmil",0,59,"deg",20,"∞C",100,"%a.s.",27,"deg",20,"∞C",1013,"mbar",0.808,-0.0803,0.000433,0,0,29.87,"humid",12,48.997,39363,"SAAA0005000123","     p1.4.0.6 ","PSt3","191029-0",191029,194400,1,6.186,"V",11,"2019.10.29_RESPR_T2","blank",NA,"G2",11,"Euphausia pacifica","n/a","n/a",2019-10-29 19:30:44,"Trial04",0.981465818652372,9.09965464947414,0.981465818652372,9.09965464947414,8.931,11,30.3,250.60386,0.00653500995090321,"Trial04_KRLr4_68"
"Trial04_KRLr4_68","KRLr4_68","29-Oct-19",2019-10-29 17:46:10,"default              ",117067286,25.8,"min",8.923,"mg/l","humid",28.788,"deg",39837,"uV",11,"∞C",1013,"mbar",30.3,"pmil",0,59,"deg",20,"∞C",100,"%a.s.",27,"deg",20,"∞C",1013,"mbar",0.808,-0.0803,0.000433,0,0,29.87,"humid",12,48.997,39237,"SAAA0005000123","     p1.4.0.6 ","PSt3","191029-0",191029,194400,1,6.183,"V",11,"2019.10.29_RESPR_T2","blank",NA,"G2",11,"Euphausia pacifica","n/a","n/a",2019-10-29 17:46:10,"Trial04",0.980586664408813,9.09965464947414,0.980586664408813,9.09965464947414,8.923,11,30.3,250.37938,0.00653500995090321,"Trial04_KRLr4_68"
"Trial04_KRLr4_68","KRLr4_68","29-Oct-19",2019-10-29 18:15:58,"default              ",117067286,55.6,"min",8.935,"mg/l","humid",28.773,"deg",38639,"uV",11,"∞C",1013,"mbar",30.3,"pmil",0,59,"deg",20,"∞C",100,"%a.s.",27,"deg",20,"∞C",1013,"mbar",0.808,-0.0803,0.000433,0,0,29.87,"humid",12,48.997,39320,"SAAA0005000123","     p1.4.0.6 ","PSt3","191029-0",191029,194400,1,6.186,"V",11,"2019.10.29_RESPR_T2","blank",NA,"G2",11,"Euphausia pacifica","n/a","n/a",2019-10-29 18:15:58,"Trial04",0.981905395774151,9.09965464947414,0.981905395774151,9.09965464947414,8.935,11,30.3,250.7161,0.00653500995090321,"Trial04_KRLr4_68"
"Trial04_KRLr4_68","KRLr4_68","29-Oct-19",2019-10-29 19:30:43,"default              ",117067286,130.35,"min",8.935,"mg/l","humid",28.773,"deg",36695,"uV",11,"∞C",1013,"mbar",30.3,"pmil",0,59,"deg",20,"∞C",100,"%a.s.",27,"deg",20,"∞C",1013,"mbar",0.808,-0.0803,0.000433,0,0,29.87,"humid",12,48.997,39414,"SAAA0005000123","     p1.4.0.6 ","PSt3","191029-0",191029,194400,1,6.184,"V",11,"2019.10.29_RESPR_T2","blank",NA,"G2",11,"Euphausia pacifica","n/a","n/a",2019-10-29 19:30:43,"Trial04",0.981905395774151,9.09965464947414,0.981905395774151,9.09965464947414,8.935,11,30.3,250.7161,0.00653500995090321,"Trial04_KRLr4_68"
"Trial04_KRLr4_68","KRLr4_68","29-Oct-19",2019-10-29 18:59:41,"default              ",117067286,99.32,"min",8.888,"mg/l","humid",28.831,"deg",35684,"uV",11,"∞C",1013,"mbar",30.3,"pmil",0,59,"deg",20,"∞C",100,"%a.s.",27,"deg",20,"∞C",1013,"mbar",0.808,-0.0803,0.000433,0,0,29.87,"humid",12,48.997,39389,"SAAA0005000123","     p1.4.0.6 ","PSt3","191029-0",191029,194400,1,6.185,"V",11,"2019.10.29_RESPR_T2","blank",NA,"G2",11,"Euphausia pacifica","n/a","n/a",2019-10-29 18:59:41,"Trial04",0.976740364593246,9.09965464947414,0.976740364593246,9.09965464947414,8.888,11,30.3,249.39728,0.00653500995090321,"Trial04_KRLr4_68"
"Trial04_KRLr4_68","KRLr4_68","29-Oct-19",2019-10-29 18:00:36,"default              ",117067286,40.23,"min",8.869,"mg/l","humid",28.855,"deg",38583,"uV",11,"∞C",1013,"mbar",30.3,"pmil",0,59,"deg",20,"∞C",100,"%a.s.",27,"deg",20,"∞C",1013,"mbar",0.808,-0.0803,0.000433,0,0,29.87,"humid",12,48.997,39287,"SAAA0005000123","     p1.4.0.6 ","PSt3","191029-0",191029,194400,1,6.185,"V",11,"2019.10.29_RESPR_T2","blank",NA,"G2",11,"Euphausia pacifica","n/a","n/a",2019-10-29 18:00:36,"Trial04",0.974652373264795,9.09965464947414,0.974652373264795,9.09965464947414,8.869,11,30.3,248.86414,0.00653500995090321,"Trial04_KRLr4_68"
"Trial04_KRLr4_68","KRLr4_68","29-Oct-19",2019-10-29 18:00:37,"default              ",117067286,40.25,"min",8.881,"mg/l","humid",28.84,"deg",38707,"uV",11,"∞C",1013,"mbar",30.3,"pmil",0,59,"deg",20,"∞C",100,"%a.s.",27,"deg",20,"∞C",1013,"mbar",0.808,-0.0803,0.000433,0,0,29.87,"humid",12,48.997,39264,"SAAA0005000123","     p1.4.0.6 ","PSt3","191029-0",191029,194400,1,6.184,"V",11,"2019.10.29_RESPR_T2","blank",NA,"G2",11,"Euphausia pacifica","n/a","n/a",2019-10-29 18:00:37,"Trial04",0.975971104630132,9.09965464947414,0.975971104630132,9.09965464947414,8.881,11,30.3,249.20086,0.00653500995090321,"Trial04_KRLr4_68"
"Trial04_KRLr4_68","KRLr4_68","29-Oct-19",2019-10-29 18:00:38,"default              ",117067286,40.27,"min",8.883,"mg/l","humid",28.837,"deg",38669,"uV",11,"∞C",1013,"mbar",30.3,"pmil",0,59,"deg",20,"∞C",100,"%a.s.",27,"deg",20,"∞C",1013,"mbar",0.808,-0.0803,0.000433,0,0,29.87,"humid",12,48.997,39260,"SAAA0005000123","     p1.4.0.6 ","PSt3","191029-0",191029,194400,1,6.183,"V",11,"2019.10.29_RESPR_T2","blank",NA,"G2",11,"Euphausia pacifica","n/a","n/a",2019-10-29 18:00:38,"Trial04",0.976190893191022,9.09965464947414,0.976190893191022,9.09965464947414,8.883,11,30.3,249.25698,0.00653500995090321,"Trial04_KRLr4_68"
"Trial04_KRLr4_68","KRLr4_68","29-Oct-19",2019-10-29 18:00:39,"default              ",117067286,40.28,"min",8.887,"mg/l","humid",28.832,"deg",38533,"uV",11,"∞C",1013,"mbar",30.3,"pmil",0,59,"deg",20,"∞C",100,"%a.s.",27,"deg",20,"∞C",1013,"mbar",0.808,-0.0803,0.000433,0,0,29.87,"humid",12,48.997,39245,"SAAA0005000123","     p1.4.0.6 ","PSt3","191029-0",191029,194400,1,6.184,"V",11,"2019.10.29_RESPR_T2","blank",NA,"G2",11,"Euphausia pacifica","n/a","n/a",2019-10-29 18:00:39,"Trial04",0.976630470312801,9.09965464947414,0.976630470312801,9.09965464947414,8.887,11,30.3,249.36922,0.00653500995090321,"Trial04_KRLr4_68"
"Trial04_KRLr4_68","KRLr4_68","29-Oct-19",2019-10-29 17:22:47,"default              ",117067286,2.42,"min",8.86,"mg/l","humid",28.866,"deg",35743,"uV",11,"∞C",1013,"mbar",30.3,"pmil",0,59,"deg",20,"∞C",100,"%a.s.",27,"deg",20,"∞C",1013,"mbar",0.808,-0.0803,0.000433,0,0,29.87,"humid",12,48.997,39205,"SAAA0005000123","     p1.4.0.6 ","PSt3","191029-0",191029,194400,1,6.184,"V",11,"2019.10.29_RESPR_T2","blank",NA,"G2",11,"Euphausia pacifica","n/a","n/a",2019-10-29 17:22:47,"Trial04",0.973663324740792,9.09965464947414,0.973663324740792,9.09965464947414,8.86,11,30.3,248.6116,0.00653500995090321,"Trial04_KRLr4_68"
"Trial04_KRLr4_68","KRLr4_68","29-Oct-19",2019-10-29 18:00:40,"default              ",117067286,40.3,"min",8.878,"mg/l","humid",28.843,"deg",38467,"uV",11,"∞C",1013,"mbar",30.3,"pmil",0,59,"deg",20,"∞C",100,"%a.s.",27,"deg",20,"∞C",1013,"mbar",0.808,-0.0803,0.000433,0,0,29.87,"humid",12,48.997,39255,"SAAA0005000123","     p1.4.0.6 ","PSt3","191029-0",191029,194400,1,6.183,"V",11,"2019.10.29_RESPR_T2","blank",NA,"G2",11,"Euphausia pacifica","n/a","n/a",2019-10-29 18:00:40,"Trial04",0.975641421788798,9.09965464947414,0.975641421788798,9.09965464947414,8.878,11,30.3,249.11668,0.00653500995090321,"Trial04_KRLr4_68"
"Trial04_KRLr4_68","KRLr4_68","29-Oct-19",2019-10-29 18:15:57,"default              ",117067286,55.58,"min",8.931,"mg/l","humid",28.778,"deg",38455,"uV",11,"∞C",1013,"mbar",30.3,"pmil",0,59,"deg",20,"∞C",100,"%a.s.",27,"deg",20,"∞C",1013,"mbar",0.808,-0.0803,0.000433,0,0,29.87,"humid",12,48.997,39341,"SAAA0005000123","     p1.4.0.6 ","PSt3","191029-0",191029,194400,1,6.185,"V",11,"2019.10.29_RESPR_T2","blank",NA,"G2",11,"Euphausia pacifica","n/a","n/a",2019-10-29 18:15:57,"Trial04",0.981465818652372,9.09965464947414,0.981465818652372,9.09965464947414,8.931,11,30.3,250.60386,0.00653500995090321,"Trial04_KRLr4_68"
"Trial04_KRLr4_68","KRLr4_68","29-Oct-19",2019-10-29 19:14:24,"default              ",117067286,114.03,"min",8.848,"mg/l","humid",28.881,"deg",36969,"uV",11,"∞C",1013,"mbar",30.3,"pmil",0,59,"deg",20,"∞C",100,"%a.s.",27,"deg",20,"∞C",1013,"mbar",0.808,-0.0803,0.000433,0,0,29.87,"humid",12,48.997,39428,"SAAA0005000123","     p1.4.0.6 ","PSt3","191029-0",191029,194400,1,6.184,"V",11,"2019.10.29_RESPR_T2","blank",NA,"G2",11,"Euphausia pacifica","n/a","n/a",2019-10-29 19:14:24,"Trial04",0.972344593375455,9.09965464947414,0.972344593375455,9.09965464947414,8.848,11,30.3,248.27488,0.00653500995090321,"Trial04_KRLr4_68"
"Trial04_KRLr4_68","KRLr4_68","29-Oct-19",2019-10-29 17:30:43,"default              ",117067286,10.35,"min",8.861,"mg/l","humid",28.864,"deg",40754,"uV",11,"∞C",1013,"mbar",30.3,"pmil",0,59,"deg",20,"∞C",100,"%a.s.",27,"deg",20,"∞C",1013,"mbar",0.808,-0.0803,0.000433,0,0,29.87,"humid",12,48.997,39194,"SAAA0005000123","     p1.4.0.6 ","PSt3","191029-0",191029,194400,1,6.183,"V",11,"2019.10.29_RESPR_T2","blank",NA,"G2",11,"Euphausia pacifica","n/a","n/a",2019-10-29 17:30:43,"Trial04",0.973773219021237,9.09965464947414,0.973773219021237,9.09965464947414,8.861,11,30.3,248.63966,0.00653500995090321,"Trial04_KRLr4_68"
"Trial04_KRLr4_68","KRLr4_68","29-Oct-19",2019-10-29 17:30:44,"default              ",117067286,10.37,"min",8.869,"mg/l","humid",28.855,"deg",40802,"uV",11,"∞C",1013,"mbar",30.3,"pmil",0,59,"deg",20,"∞C",100,"%a.s.",27,"deg",20,"∞C",1013,"mbar",0.808,-0.0803,0.000433,0,0,29.87,"humid",12,48.997,39190,"SAAA0005000123","     p1.4.0.6 ","PSt3","191029-0",191029,194400,1,6.182,"V",11,"2019.10.29_RESPR_T2","blank",NA,"G2",11,"Euphausia pacifica","n/a","n/a",2019-10-29 17:30:44,"Trial04",0.974652373264795,9.09965464947414,0.974652373264795,9.09965464947414,8.869,11,30.3,248.86414,0.00653500995090321,"Trial04_KRLr4_68"
"Trial04_KRLr4_68","KRLr4_68","29-Oct-19",2019-10-29 18:45:11,"default              ",117067286,84.82,"min",8.85,"mg/l","humid",28.878,"deg",39630,"uV",11,"∞C",1013,"mbar",30.3,"pmil",0,59,"deg",20,"∞C",100,"%a.s.",27,"deg",20,"∞C",1013,"mbar",0.808,-0.0803,0.000433,0,0,29.87,"humid",12,48.997,39286,"SAAA0005000123","     p1.4.0.6 ","PSt3","191029-0",191029,194400,1,6.183,"V",11,"2019.10.29_RESPR_T2","blank",NA,"G2",11,"Euphausia pacifica","n/a","n/a",2019-10-29 18:45:11,"Trial04",0.972564381936344,9.09965464947414,0.972564381936344,9.09965464947414,8.85,11,30.3,248.331,0.00653500995090321,"Trial04_KRLr4_68"
"Trial04_KRLr4_68","KRLr4_68","29-Oct-19",2019-10-29 19:30:46,"default              ",117067286,130.4,"min",8.948,"mg/l","humid",28.758,"deg",35979,"uV",11,"∞C",1013,"mbar",30.3,"pmil",0,59,"deg",20,"∞C",100,"%a.s.",27,"deg",20,"∞C",1013,"mbar",0.808,-0.0803,0.000433,0,0,29.87,"humid",12,48.997,39379,"SAAA0005000123","     p1.4.0.6 ","PSt3","191029-0",191029,194400,1,6.184,"V",11,"2019.10.29_RESPR_T2","blank",NA,"G2",11,"Euphausia pacifica","n/a","n/a",2019-10-29 19:30:46,"Trial04",0.983334021419933,9.09965464947414,0.983334021419933,9.09965464947414,8.948,11,30.3,251.08088,0.00653500995090321,"Trial04_KRLr4_68"
"Trial04_KRLr4_68","KRLr4_68","29-Oct-19",2019-10-29 18:15:59,"default              ",117067286,55.62,"min",8.943,"mg/l","humid",28.764,"deg",38588,"uV",11,"∞C",1013,"mbar",30.3,"pmil",0,59,"deg",20,"∞C",100,"%a.s.",27,"deg",20,"∞C",1013,"mbar",0.808,-0.0803,0.000433,0,0,29.87,"humid",12,48.997,39310,"SAAA0005000123","     p1.4.0.6 ","PSt3","191029-0",191029,194400,1,6.186,"V",11,"2019.10.29_RESPR_T2","blank",NA,"G2",11,"Euphausia pacifica","n/a","n/a",2019-10-29 18:15:59,"Trial04",0.982784550017709,9.09965464947414,0.982784550017709,9.09965464947414,8.943,11,30.3,250.94058,0.00653500995090321,"Trial04_KRLr4_68"
"Trial04_KRLr4_68","KRLr4_68","29-Oct-19",2019-10-29 18:30:14,"default              ",117067286,69.87,"min",8.864,"mg/l","humid",28.861,"deg",43565,"uV",11,"∞C",1013,"mbar",30.3,"pmil",0,59,"deg",20,"∞C",100,"%a.s.",27,"deg",20,"∞C",1013,"mbar",0.808,-0.0803,0.000433,0,0,29.87,"humid",12,48.997,39319,"SAAA0005000123","     p1.4.0.6 ","PSt3","191029-0",191029,194400,1,6.186,"V",11,"2019.10.29_RESPR_T2","blank",NA,"G2",11,"Euphausia pacifica","n/a","n/a",2019-10-29 18:30:14,"Trial04",0.974102901862571,9.09965464947414,0.974102901862571,9.09965464947414,8.864,11,30.3,248.72384,0.00653500995090321,"Trial04_KRLr4_68"
"Trial04_KRLr4_68","KRLr4_68","29-Oct-19",2019-10-29 19:14:26,"default              ",117067286,114.07,"min",8.857,"mg/l","humid",28.87,"deg",37143,"uV",11,"∞C",1013,"mbar",30.3,"pmil",0,59,"deg",20,"∞C",100,"%a.s.",27,"deg",20,"∞C",1013,"mbar",0.808,-0.0803,0.000433,0,0,29.87,"humid",12,48.997,39400,"SAAA0005000123","     p1.4.0.6 ","PSt3","191029-0",191029,194400,1,6.184,"V",11,"2019.10.29_RESPR_T2","blank",NA,"G2",11,"Euphausia pacifica","n/a","n/a",2019-10-29 19:14:26,"Trial04",0.973333641899457,9.09965464947414,0.973333641899457,9.09965464947414,8.857,11,30.3,248.52742,0.00653500995090321,"Trial04_KRLr4_68"
"Trial04_KRLr4_68","KRLr4_68","29-Oct-19",2019-10-29 18:45:12,"default              ",117067286,84.83,"min",8.856,"mg/l","humid",28.871,"deg",39698,"uV",11,"∞C",1013,"mbar",30.3,"pmil",0,59,"deg",20,"∞C",100,"%a.s.",27,"deg",20,"∞C",1013,"mbar",0.808,-0.0803,0.000433,0,0,29.87,"humid",12,48.997,39292,"SAAA0005000123","     p1.4.0.6 ","PSt3","191029-0",191029,194400,1,6.182,"V",11,"2019.10.29_RESPR_T2","blank",NA,"G2",11,"Euphausia pacifica","n/a","n/a",2019-10-29 18:45:12,"Trial04",0.973223747619013,9.09965464947414,0.973223747619013,9.09965464947414,8.856,11,30.3,248.49936,0.00653500995090321,"Trial04_KRLr4_68"
"Trial04_KRLr4_68","KRLr4_68","29-Oct-19",2019-10-29 18:45:13,"default              ",117067286,84.85,"min",8.852,"mg/l","humid",28.876,"deg",39898,"uV",11,"∞C",1013,"mbar",30.3,"pmil",0,59,"deg",20,"∞C",100,"%a.s.",27,"deg",20,"∞C",1013,"mbar",0.808,-0.0803,0.000433,0,0,29.87,"humid",12,48.997,39296,"SAAA0005000123","     p1.4.0.6 ","PSt3","191029-0",191029,194400,1,6.185,"V",11,"2019.10.29_RESPR_T2","blank",NA,"G2",11,"Euphausia pacifica","n/a","n/a",2019-10-29 18:45:13,"Trial04",0.972784170497234,9.09965464947414,0.972784170497234,9.09965464947414,8.852,11,30.3,248.38712,0.00653500995090321,"Trial04_KRLr4_68"
"Trial04_KRLr4_68","KRLr4_68","29-Oct-19",2019-10-29 19:14:25,"default              ",117067286,114.05,"min",8.851,"mg/l","humid",28.877,"deg",37509,"uV",11,"∞C",1013,"mbar",30.3,"pmil",0,59,"deg",20,"∞C",100,"%a.s.",27,"deg",20,"∞C",1013,"mbar",0.808,-0.0803,0.000433,0,0,29.87,"humid",12,48.997,39415,"SAAA0005000123","     p1.4.0.6 ","PSt3","191029-0",191029,194400,1,6.186,"V",11,"2019.10.29_RESPR_T2","blank",NA,"G2",11,"Euphausia pacifica","n/a","n/a",2019-10-29 19:14:25,"Trial04",0.972674276216789,9.09965464947414,0.972674276216789,9.09965464947414,8.851,11,30.3,248.35906,0.00653500995090321,"Trial04_KRLr4_68"
"Trial04_KRLr4_68","KRLr4_68","29-Oct-19",2019-10-29 18:16:00,"default              ",117067286,55.63,"min",8.942,"mg/l","humid",28.765,"deg",38551,"uV",11,"∞C",1013,"mbar",30.3,"pmil",0,59,"deg",20,"∞C",100,"%a.s.",27,"deg",20,"∞C",1013,"mbar",0.808,-0.0803,0.000433,0,0,29.87,"humid",12,48.997,39302,"SAAA0005000123","     p1.4.0.6 ","PSt3","191029-0",191029,194400,1,6.183,"V",11,"2019.10.29_RESPR_T2","blank",NA,"G2",11,"Euphausia pacifica","n/a","n/a",2019-10-29 18:16:00,"Trial04",0.982674655737264,9.09965464947414,0.982674655737264,9.09965464947414,8.942,11,30.3,250.91252,0.00653500995090321,"Trial04_KRLr4_68"
"Trial04_KRLr4_68","KRLr4_68","29-Oct-19",2019-10-29 17:46:09,"default              ",117067286,25.78,"min",8.917,"mg/l","humid",28.796,"deg",39775,"uV",11,"∞C",1013,"mbar",30.3,"pmil",0,59,"deg",20,"∞C",100,"%a.s.",27,"deg",20,"∞C",1013,"mbar",0.808,-0.0803,0.000433,0,0,29.87,"humid",12,48.997,39235,"SAAA0005000123","     p1.4.0.6 ","PSt3","191029-0",191029,194400,1,6.183,"V",11,"2019.10.29_RESPR_T2","blank",NA,"G2",11,"Euphausia pacifica","n/a","n/a",2019-10-29 17:46:09,"Trial04",0.979927298726145,9.09965464947414,0.979927298726145,9.09965464947414,8.917,11,30.3,250.21102,0.00653500995090321,"Trial04_KRLr4_68"
"Trial04_KRLr4_68","KRLr4_68","29-Oct-19",2019-10-29 17:46:07,"default              ",117067286,25.75,"min",8.91,"mg/l","humid",28.804,"deg",39382,"uV",11,"∞C",1013,"mbar",30.3,"pmil",0,59,"deg",20,"∞C",100,"%a.s.",27,"deg",20,"∞C",1013,"mbar",0.808,-0.0803,0.000433,0,0,29.87,"humid",12,48.997,39270,"SAAA0005000123","     p1.4.0.6 ","PSt3","191029-0",191029,194400,1,6.182,"V",11,"2019.10.29_RESPR_T2","blank",NA,"G2",11,"Euphausia pacifica","n/a","n/a",2019-10-29 17:46:07,"Trial04",0.979158038763031,9.09965464947414,0.979158038763031,9.09965464947414,8.91,11,30.3,250.0146,0.00653500995090321,"Trial04_KRLr4_68"
"Trial04_KRLr4_68","KRLr4_68","29-Oct-19",2019-10-29 17:46:08,"default              ",117067286,25.77,"min",8.922,"mg/l","humid",28.789,"deg",39523,"uV",11,"∞C",1013,"mbar",30.3,"pmil",0,59,"deg",20,"∞C",100,"%a.s.",27,"deg",20,"∞C",1013,"mbar",0.808,-0.0803,0.000433,0,0,29.87,"humid",12,48.997,39228,"SAAA0005000123","     p1.4.0.6 ","PSt3","191029-0",191029,194400,1,6.185,"V",11,"2019.10.29_RESPR_T2","blank",NA,"G2",11,"Euphausia pacifica","n/a","n/a",2019-10-29 17:46:08,"Trial04",0.980476770128369,9.09965464947414,0.980476770128369,9.09965464947414,8.922,11,30.3,250.35132,0.00653500995090321,"Trial04_KRLr4_68"
"Trial04_KRLr4_69","KRLr4_69","29-Oct-19",2019-10-29 17:22:56,"default              ",819300971,2.57,"min",8.751,"mg/l","humid",29.001,"deg",32098,"uV",11,"∞C",1013,"mbar",30.3,"pmil",0,59,"deg",20,"∞C",100,"%a.s.",27,"deg",20,"∞C",1013,"mbar",0.808,-0.0803,0.000433,0,0,29.87,"humid",12,48.997,39201,"SAAA0005000123","     p1.4.0.6 ","PSt3","191029-0",191029,194400,1,6.181,"V",12,"2019.10.29_RESPR_T2","13",NA,"G4",12,"Euphausia pacifica","2.59","0.0252",2019-10-29 17:22:56,"Trial04",0.96168484817231,9.09965464947414,0.96168484817231,9.09965464947414,8.751,11,30.3,245.55306,-0.157057432031242,"Trial04_KRLr4_69"
"Trial04_KRLr4_69","KRLr4_69","29-Oct-19",2019-10-29 18:59:54,"default              ",819300971,99.53,"min",8.254,"mg/l","humid",29.647,"deg",35129,"uV",11,"∞C",1013,"mbar",30.3,"pmil",0,59,"deg",20,"∞C",100,"%a.s.",27,"deg",20,"∞C",1013,"mbar",0.808,-0.0803,0.000433,0,0,29.87,"humid",12,48.997,39390,"SAAA0005000123","     p1.4.0.6 ","PSt3","191029-0",191029,194400,1,6.184,"V",12,"2019.10.29_RESPR_T2","13",NA,"G4",12,"Euphausia pacifica","2.59","0.0252",2019-10-29 18:59:54,"Trial04",0.907067390791252,9.09965464947414,0.907067390791252,9.09965464947414,8.254,11,30.3,231.60724,-0.157057432031242,"Trial04_KRLr4_69"
"Trial04_KRLr4_69","KRLr4_69","29-Oct-19",2019-10-29 19:14:33,"default              ",819300971,114.18,"min",8.127,"mg/l","humid",29.82,"deg",34215,"uV",11,"∞C",1013,"mbar",30.3,"pmil",0,59,"deg",20,"∞C",100,"%a.s.",27,"deg",20,"∞C",1013,"mbar",0.808,-0.0803,0.000433,0,0,29.87,"humid",12,48.997,39386,"SAAA0005000123","     p1.4.0.6 ","PSt3","191029-0",191029,194400,1,6.184,"V",12,"2019.10.29_RESPR_T2","13",NA,"G4",12,"Euphausia pacifica","2.59","0.0252",2019-10-29 19:14:33,"Trial04",0.893110817174765,9.09965464947414,0.893110817174765,9.09965464947414,8.127,11,30.3,228.04362,-0.157057432031242,"Trial04_KRLr4_69"
"Trial04_KRLr4_69","KRLr4_69","29-Oct-19",2019-10-29 19:30:51,"default              ",819300971,130.48,"min",8.202,"mg/l","humid",29.718,"deg",20002,"uV",11,"∞C",1013,"mbar",30.3,"pmil",0,59,"deg",20,"∞C",100,"%a.s.",27,"deg",20,"∞C",1013,"mbar",0.808,-0.0803,0.000433,0,0,29.87,"humid",12,48.997,39410,"SAAA0005000123","     p1.4.0.6 ","PSt3","191029-0",191029,194400,1,6.185,"V",12,"2019.10.29_RESPR_T2","13",NA,"G4",12,"Euphausia pacifica","2.59","0.0252",2019-10-29 19:30:51,"Trial04",0.901352888208124,9.09965464947414,0.901352888208124,9.09965464947414,8.202,11,30.3,230.14812,-0.157057432031242,"Trial04_KRLr4_69"
"Trial04_KRLr4_69","KRLr4_69","29-Oct-19",2019-10-29 18:59:56,"default              ",819300971,99.57,"min",8.306,"mg/l","humid",29.578,"deg",33360,"uV",11,"∞C",1013,"mbar",30.3,"pmil",0,59,"deg",20,"∞C",100,"%a.s.",27,"deg",20,"∞C",1013,"mbar",0.808,-0.0803,0.000433,0,0,29.87,"humid",12,48.997,39354,"SAAA0005000123","     p1.4.0.6 ","PSt3","191029-0",191029,194400,1,6.187,"V",12,"2019.10.29_RESPR_T2","13",NA,"G4",12,"Euphausia pacifica","2.59","0.0252",2019-10-29 18:59:56,"Trial04",0.912781893374381,9.09965464947414,0.912781893374381,9.09965464947414,8.306,11,30.3,233.06636,-0.157057432031242,"Trial04_KRLr4_69"
"Trial04_KRLr4_69","KRLr4_69","29-Oct-19",2019-10-29 17:22:55,"default              ",819300971,2.55,"min",8.756,"mg/l","humid",28.995,"deg",32916,"uV",11,"∞C",1013,"mbar",30.3,"pmil",0,59,"deg",20,"∞C",100,"%a.s.",27,"deg",20,"∞C",1013,"mbar",0.808,-0.0803,0.000433,0,0,29.87,"humid",12,48.997,39221,"SAAA0005000123","     p1.4.0.6 ","PSt3","191029-0",191029,194400,1,6.182,"V",12,"2019.10.29_RESPR_T2","13",NA,"G4",12,"Euphausia pacifica","2.59","0.0252",2019-10-29 17:22:55,"Trial04",0.962234319574534,9.09965464947414,0.962234319574534,9.09965464947414,8.756,11,30.3,245.69336,-0.157057432031242,"Trial04_KRLr4_69"
"Trial04_KRLr4_69","KRLr4_69","29-Oct-19",2019-10-29 18:16:09,"default              ",819300971,55.78,"min",8.523,"mg/l","humid",29.292,"deg",35256,"uV",11,"∞C",1013,"mbar",30.3,"pmil",0,59,"deg",20,"∞C",100,"%a.s.",27,"deg",20,"∞C",1013,"mbar",0.808,-0.0803,0.000433,0,0,29.87,"humid",12,48.997,39293,"SAAA0005000123","     p1.4.0.6 ","PSt3","191029-0",191029,194400,1,6.184,"V",12,"2019.10.29_RESPR_T2","13",NA,"G4",12,"Euphausia pacifica","2.59","0.0252",2019-10-29 18:16:09,"Trial04",0.936628952230899,9.09965464947414,0.936628952230899,9.09965464947414,8.523,11,30.3,239.15538,-0.157057432031242,"Trial04_KRLr4_69"
"Trial04_KRLr4_69","KRLr4_69","29-Oct-19",2019-10-29 18:16:10,"default              ",819300971,55.8,"min",8.513,"mg/l","humid",29.305,"deg",36740,"uV",11,"∞C",1013,"mbar",30.3,"pmil",0,59,"deg",20,"∞C",100,"%a.s.",27,"deg",20,"∞C",1013,"mbar",0.808,-0.0803,0.000433,0,0,29.87,"humid",12,48.997,39305,"SAAA0005000123","     p1.4.0.6 ","PSt3","191029-0",191029,194400,1,6.184,"V",12,"2019.10.29_RESPR_T2","13",NA,"G4",12,"Euphausia pacifica","2.59","0.0252",2019-10-29 18:16:10,"Trial04",0.935530009426452,9.09965464947414,0.935530009426452,9.09965464947414,8.513,11,30.3,238.87478,-0.157057432031242,"Trial04_KRLr4_69"
"Trial04_KRLr4_69","KRLr4_69","29-Oct-19",2019-10-29 18:59:55,"default              ",819300971,99.55,"min",8.36,"mg/l","humid",29.505,"deg",21056,"uV",11,"∞C",1013,"mbar",30.3,"pmil",0,59,"deg",20,"∞C",100,"%a.s.",27,"deg",20,"∞C",1013,"mbar",0.808,-0.0803,0.000433,0,0,29.87,"humid",12,48.997,39362,"SAAA0005000123","     p1.4.0.6 ","PSt3","191029-0",191029,194400,1,6.185,"V",12,"2019.10.29_RESPR_T2","13",NA,"G4",12,"Euphausia pacifica","2.59","0.0252",2019-10-29 18:59:55,"Trial04",0.9187161845184,9.09965464947414,0.9187161845184,9.09965464947414,8.36,11,30.3,234.5816,-0.157057432031242,"Trial04_KRLr4_69"
"Trial04_KRLr4_69","KRLr4_69","29-Oct-19",2019-10-29 17:46:25,"default              ",819300971,26.05,"min",8.791,"mg/l","humid",28.951,"deg",36740,"uV",11,"∞C",1013,"mbar",30.3,"pmil",0,59,"deg",20,"∞C",100,"%a.s.",27,"deg",20,"∞C",1013,"mbar",0.808,-0.0803,0.000433,0,0,29.87,"humid",12,48.997,39236,"SAAA0005000123","     p1.4.0.6 ","PSt3","191029-0",191029,194400,1,6.181,"V",12,"2019.10.29_RESPR_T2","13",NA,"G4",12,"Euphausia pacifica","2.59","0.0252",2019-10-29 17:46:25,"Trial04",0.966080619390102,9.09965464947414,0.966080619390102,9.09965464947414,8.791,11,30.3,246.67546,-0.157057432031242,"Trial04_KRLr4_69"
"Trial04_KRLr4_69","KRLr4_69","29-Oct-19",2019-10-29 18:00:48,"default              ",819300971,40.43,"min",8.708,"mg/l","humid",29.055,"deg",38121,"uV",11,"∞C",1013,"mbar",30.3,"pmil",0,59,"deg",20,"∞C",100,"%a.s.",27,"deg",20,"∞C",1013,"mbar",0.808,-0.0803,0.000433,0,0,29.87,"humid",12,48.997,39288,"SAAA0005000123","     p1.4.0.6 ","PSt3","191029-0",191029,194400,1,6.183,"V",12,"2019.10.29_RESPR_T2","13",NA,"G4",12,"Euphausia pacifica","2.59","0.0252",2019-10-29 18:00:48,"Trial04",0.956959394113185,9.09965464947414,0.956959394113185,9.09965464947414,8.708,11,30.3,244.34648,-0.157057432031242,"Trial04_KRLr4_69"
"Trial04_KRLr4_69","KRLr4_69","29-Oct-19",2019-10-29 18:00:49,"default              ",819300971,40.45,"min",8.697,"mg/l","humid",29.069,"deg",38377,"uV",11,"∞C",1013,"mbar",30.3,"pmil",0,59,"deg",20,"∞C",100,"%a.s.",27,"deg",20,"∞C",1013,"mbar",0.808,-0.0803,0.000433,0,0,29.87,"humid",12,48.997,39247,"SAAA0005000123","     p1.4.0.6 ","PSt3","191029-0",191029,194400,1,6.185,"V",12,"2019.10.29_RESPR_T2","13",NA,"G4",12,"Euphausia pacifica","2.59","0.0252",2019-10-29 18:00:49,"Trial04",0.955750557028292,9.09965464947414,0.955750557028292,9.09965464947414,8.697,11,30.3,244.03782,-0.157057432031242,"Trial04_KRLr4_69"
"Trial04_KRLr4_69","KRLr4_69","29-Oct-19",2019-10-29 18:16:11,"default              ",819300971,55.82,"min",8.519,"mg/l","humid",29.297,"deg",37446,"uV",11,"∞C",1013,"mbar",30.3,"pmil",0,59,"deg",20,"∞C",100,"%a.s.",27,"deg",20,"∞C",1013,"mbar",0.808,-0.0803,0.000433,0,0,29.87,"humid",12,48.997,39295,"SAAA0005000123","     p1.4.0.6 ","PSt3","191029-0",191029,194400,1,6.184,"V",12,"2019.10.29_RESPR_T2","13",NA,"G4",12,"Euphausia pacifica","2.59","0.0252",2019-10-29 18:16:11,"Trial04",0.93618937510912,9.09965464947414,0.93618937510912,9.09965464947414,8.519,11,30.3,239.04314,-0.157057432031242,"Trial04_KRLr4_69"
"Trial04_KRLr4_69","KRLr4_69","29-Oct-19",2019-10-29 17:22:54,"default              ",819300971,2.53,"min",8.75,"mg/l","humid",29.003,"deg",34085,"uV",11,"∞C",1013,"mbar",30.3,"pmil",0,59,"deg",20,"∞C",100,"%a.s.",27,"deg",20,"∞C",1013,"mbar",0.808,-0.0803,0.000433,0,0,29.87,"humid",12,48.997,39234,"SAAA0005000123","     p1.4.0.6 ","PSt3","191029-0",191029,194400,1,6.183,"V",12,"2019.10.29_RESPR_T2","13",NA,"G4",12,"Euphausia pacifica","2.59","0.0252",2019-10-29 17:22:54,"Trial04",0.961574953891866,9.09965464947414,0.961574953891866,9.09965464947414,8.75,11,30.3,245.525,-0.157057432031242,"Trial04_KRLr4_69"
"Trial04_KRLr4_69","KRLr4_69","29-Oct-19",2019-10-29 17:30:54,"default              ",819300971,10.53,"min",8.774,"mg/l","humid",28.973,"deg",35042,"uV",11,"∞C",1013,"mbar",30.3,"pmil",0,59,"deg",20,"∞C",100,"%a.s.",27,"deg",20,"∞C",1013,"mbar",0.808,-0.0803,0.000433,0,0,29.87,"humid",12,48.997,39228,"SAAA0005000123","     p1.4.0.6 ","PSt3","191029-0",191029,194400,1,6.181,"V",12,"2019.10.29_RESPR_T2","13",NA,"G4",12,"Euphausia pacifica","2.59","0.0252",2019-10-29 17:30:54,"Trial04",0.96421241662254,9.09965464947414,0.96421241662254,9.09965464947414,8.774,11,30.3,246.19844,-0.157057432031242,"Trial04_KRLr4_69"
"Trial04_KRLr4_69","KRLr4_69","29-Oct-19",2019-10-29 19:14:32,"default              ",819300971,114.17,"min",8.143,"mg/l","humid",29.797,"deg",34407,"uV",11,"∞C",1013,"mbar",30.3,"pmil",0,59,"deg",20,"∞C",100,"%a.s.",27,"deg",20,"∞C",1013,"mbar",0.808,-0.0803,0.000433,0,0,29.87,"humid",12,48.997,39436,"SAAA0005000123","     p1.4.0.6 ","PSt3","191029-0",191029,194400,1,6.183,"V",12,"2019.10.29_RESPR_T2","13",NA,"G4",12,"Euphausia pacifica","2.59","0.0252",2019-10-29 19:14:32,"Trial04",0.894869125661881,9.09965464947414,0.894869125661881,9.09965464947414,8.143,11,30.3,228.49258,-0.157057432031242,"Trial04_KRLr4_69"
"Trial04_KRLr4_69","KRLr4_69","29-Oct-19",2019-10-29 17:30:55,"default              ",819300971,10.55,"min",8.767,"mg/l","humid",28.981,"deg",35290,"uV",11,"∞C",1013,"mbar",30.3,"pmil",0,59,"deg",20,"∞C",100,"%a.s.",27,"deg",20,"∞C",1013,"mbar",0.808,-0.0803,0.000433,0,0,29.87,"humid",12,48.997,39203,"SAAA0005000123","     p1.4.0.6 ","PSt3","191029-0",191029,194400,1,6.182,"V",12,"2019.10.29_RESPR_T2","13",NA,"G4",12,"Euphausia pacifica","2.59","0.0252",2019-10-29 17:30:55,"Trial04",0.963443156659427,9.09965464947414,0.963443156659427,9.09965464947414,8.767,11,30.3,246.00202,-0.157057432031242,"Trial04_KRLr4_69"
"Trial04_KRLr4_69","KRLr4_69","29-Oct-19",2019-10-29 17:30:56,"default              ",819300971,10.57,"min",8.766,"mg/l","humid",28.983,"deg",34064,"uV",11,"∞C",1013,"mbar",30.3,"pmil",0,59,"deg",20,"∞C",100,"%a.s.",27,"deg",20,"∞C",1013,"mbar",0.808,-0.0803,0.000433,0,0,29.87,"humid",12,48.997,39189,"SAAA0005000123","     p1.4.0.6 ","PSt3","191029-0",191029,194400,1,6.182,"V",12,"2019.10.29_RESPR_T2","13",NA,"G4",12,"Euphausia pacifica","2.59","0.0252",2019-10-29 17:30:56,"Trial04",0.963333262378982,9.09965464947414,0.963333262378982,9.09965464947414,8.766,11,30.3,245.97396,-0.157057432031242,"Trial04_KRLr4_69"
"Trial04_KRLr4_69","KRLr4_69","29-Oct-19",2019-10-29 19:30:52,"default              ",819300971,130.5,"min",8.177,"mg/l","humid",29.751,"deg",36874,"uV",11,"∞C",1013,"mbar",30.3,"pmil",0,59,"deg",20,"∞C",100,"%a.s.",27,"deg",20,"∞C",1013,"mbar",0.808,-0.0803,0.000433,0,0,29.87,"humid",12,48.997,39363,"SAAA0005000123","     p1.4.0.6 ","PSt3","191029-0",191029,194400,1,6.185,"V",12,"2019.10.29_RESPR_T2","13",NA,"G4",12,"Euphausia pacifica","2.59","0.0252",2019-10-29 19:30:52,"Trial04",0.898605531197004,9.09965464947414,0.898605531197004,9.09965464947414,8.177,11,30.3,229.44662,-0.157057432031242,"Trial04_KRLr4_69"
"Trial04_KRLr4_69","KRLr4_69","29-Oct-19",2019-10-29 19:30:53,"default              ",819300971,130.52,"min",8.179,"mg/l","humid",29.749,"deg",37119,"uV",11,"∞C",1013,"mbar",30.3,"pmil",0,59,"deg",20,"∞C",100,"%a.s.",27,"deg",20,"∞C",1013,"mbar",0.808,-0.0803,0.000433,0,0,29.87,"humid",12,48.997,39362,"SAAA0005000123","     p1.4.0.6 ","PSt3","191029-0",191029,194400,1,6.184,"V",12,"2019.10.29_RESPR_T2","13",NA,"G4",12,"Euphausia pacifica","2.59","0.0252",2019-10-29 19:30:53,"Trial04",0.898825319757894,9.09965464947414,0.898825319757894,9.09965464947414,8.179,11,30.3,229.50274,-0.157057432031242,"Trial04_KRLr4_69"
"Trial04_KRLr4_69","KRLr4_69","29-Oct-19",2019-10-29 18:30:21,"default              ",819300971,69.98,"min",8.389,"mg/l","humid",29.467,"deg",35742,"uV",11,"∞C",1013,"mbar",30.3,"pmil",0,59,"deg",20,"∞C",100,"%a.s.",27,"deg",20,"∞C",1013,"mbar",0.808,-0.0803,0.000433,0,0,29.87,"humid",12,48.997,39307,"SAAA0005000123","     p1.4.0.6 ","PSt3","191029-0",191029,194400,1,6.186,"V",12,"2019.10.29_RESPR_T2","13",NA,"G4",12,"Euphausia pacifica","2.59","0.0252",2019-10-29 18:30:21,"Trial04",0.921903118651298,9.09965464947414,0.921903118651298,9.09965464947414,8.389,11,30.3,235.39534,-0.157057432031242,"Trial04_KRLr4_69"
"Trial04_KRLr4_69","KRLr4_69","29-Oct-19",2019-10-29 18:30:22,"default              ",819300971,70,"min",8.388,"mg/l","humid",29.469,"deg",36488,"uV",11,"∞C",1013,"mbar",30.3,"pmil",0,59,"deg",20,"∞C",100,"%a.s.",27,"deg",20,"∞C",1013,"mbar",0.808,-0.0803,0.000433,0,0,29.87,"humid",12,48.997,39316,"SAAA0005000123","     p1.4.0.6 ","PSt3","191029-0",191029,194400,1,6.186,"V",12,"2019.10.29_RESPR_T2","13",NA,"G4",12,"Euphausia pacifica","2.59","0.0252",2019-10-29 18:30:22,"Trial04",0.921793224370854,9.09965464947414,0.921793224370854,9.09965464947414,8.388,11,30.3,235.36728,-0.157057432031242,"Trial04_KRLr4_69"
"Trial04_KRLr4_69","KRLr4_69","29-Oct-19",2019-10-29 18:30:23,"default              ",819300971,70.02,"min",8.399,"mg/l","humid",29.454,"deg",33967,"uV",11,"∞C",1013,"mbar",30.3,"pmil",0,59,"deg",20,"∞C",100,"%a.s.",27,"deg",20,"∞C",1013,"mbar",0.808,-0.0803,0.000433,0,0,29.87,"humid",12,48.997,39314,"SAAA0005000123","     p1.4.0.6 ","PSt3","191029-0",191029,194400,1,6.184,"V",12,"2019.10.29_RESPR_T2","13",NA,"G4",12,"Euphausia pacifica","2.59","0.0252",2019-10-29 18:30:23,"Trial04",0.923002061455746,9.09965464947414,0.923002061455746,9.09965464947414,8.399,11,30.3,235.67594,-0.157057432031242,"Trial04_KRLr4_69"
"Trial04_KRLr4_69","KRLr4_69","29-Oct-19",2019-10-29 18:45:20,"default              ",819300971,84.97,"min",8.358,"mg/l","humid",29.508,"deg",36974,"uV",11,"∞C",1013,"mbar",30.3,"pmil",0,59,"deg",20,"∞C",100,"%a.s.",27,"deg",20,"∞C",1013,"mbar",0.808,-0.0803,0.000433,0,0,29.87,"humid",12,48.997,39322,"SAAA0005000123","     p1.4.0.6 ","PSt3","191029-0",191029,194400,1,6.182,"V",12,"2019.10.29_RESPR_T2","13",NA,"G4",12,"Euphausia pacifica","2.59","0.0252",2019-10-29 18:45:20,"Trial04",0.91849639595751,9.09965464947414,0.91849639595751,9.09965464947414,8.358,11,30.3,234.52548,-0.157057432031242,"Trial04_KRLr4_69"
"Trial04_KRLr4_69","KRLr4_69","29-Oct-19",2019-10-29 18:45:21,"default              ",819300971,84.98,"min",8.359,"mg/l","humid",29.507,"deg",36517,"uV",11,"∞C",1013,"mbar",30.3,"pmil",0,59,"deg",20,"∞C",100,"%a.s.",27,"deg",20,"∞C",1013,"mbar",0.808,-0.0803,0.000433,0,0,29.87,"humid",12,48.997,39303,"SAAA0005000123","     p1.4.0.6 ","PSt3","191029-0",191029,194400,1,6.185,"V",12,"2019.10.29_RESPR_T2","13",NA,"G4",12,"Euphausia pacifica","2.59","0.0252",2019-10-29 18:45:21,"Trial04",0.918606290237955,9.09965464947414,0.918606290237955,9.09965464947414,8.359,11,30.3,234.55354,-0.157057432031242,"Trial04_KRLr4_69"
"Trial04_KRLr4_69","KRLr4_69","29-Oct-19",2019-10-29 18:00:50,"default              ",819300971,40.47,"min",8.699,"mg/l","humid",29.067,"deg",38581,"uV",11,"∞C",1013,"mbar",30.3,"pmil",0,59,"deg",20,"∞C",100,"%a.s.",27,"deg",20,"∞C",1013,"mbar",0.808,-0.0803,0.000433,0,0,29.87,"humid",12,48.997,39256,"SAAA0005000123","     p1.4.0.6 ","PSt3","191029-0",191029,194400,1,6.183,"V",12,"2019.10.29_RESPR_T2","13",NA,"G4",12,"Euphausia pacifica","2.59","0.0252",2019-10-29 18:00:50,"Trial04",0.955970345589182,9.09965464947414,0.955970345589182,9.09965464947414,8.699,11,30.3,244.09394,-0.157057432031242,"Trial04_KRLr4_69"
"Trial04_KRLr4_69","KRLr4_69","29-Oct-19",2019-10-29 18:59:57,"default              ",819300971,99.58,"min",8.307,"mg/l","humid",29.576,"deg",34208,"uV",11,"∞C",1013,"mbar",30.3,"pmil",0,59,"deg",20,"∞C",100,"%a.s.",27,"deg",20,"∞C",1013,"mbar",0.808,-0.0803,0.000433,0,0,29.87,"humid",12,48.997,39348,"SAAA0005000123","     p1.4.0.6 ","PSt3","191029-0",191029,194400,1,6.184,"V",12,"2019.10.29_RESPR_T2","13",NA,"G4",12,"Euphausia pacifica","2.59","0.0252",2019-10-29 18:59:57,"Trial04",0.912891787654826,9.09965464947414,0.912891787654826,9.09965464947414,8.307,11,30.3,233.09442,-0.157057432031242,"Trial04_KRLr4_69"
"Trial04_KRLr4_69","KRLr4_69","29-Oct-19",2019-10-29 18:00:52,"default              ",819300971,40.5,"min",8.698,"mg/l","humid",29.068,"deg",38600,"uV",11,"∞C",1013,"mbar",30.3,"pmil",0,59,"deg",20,"∞C",100,"%a.s.",27,"deg",20,"∞C",1013,"mbar",0.808,-0.0803,0.000433,0,0,29.87,"humid",12,48.997,39247,"SAAA0005000123","     p1.4.0.6 ","PSt3","191029-0",191029,194400,1,6.184,"V",12,"2019.10.29_RESPR_T2","13",NA,"G4",12,"Euphausia pacifica","2.59","0.0252",2019-10-29 18:00:52,"Trial04",0.955860451308737,9.09965464947414,0.955860451308737,9.09965464947414,8.698,11,30.3,244.06588,-0.157057432031242,"Trial04_KRLr4_69"
"Trial04_KRLr4_69","KRLr4_69","29-Oct-19",2019-10-29 18:45:23,"default              ",819300971,85.02,"min",8.369,"mg/l","humid",29.494,"deg",28909,"uV",11,"∞C",1013,"mbar",30.3,"pmil",0,59,"deg",20,"∞C",100,"%a.s.",27,"deg",20,"∞C",1013,"mbar",0.808,-0.0803,0.000433,0,0,29.87,"humid",12,48.997,39297,"SAAA0005000123","     p1.4.0.6 ","PSt3","191029-0",191029,194400,1,6.184,"V",12,"2019.10.29_RESPR_T2","13",NA,"G4",12,"Euphausia pacifica","2.59","0.0252",2019-10-29 18:45:23,"Trial04",0.919705233042403,9.09965464947414,0.919705233042403,9.09965464947414,8.369,11,30.3,234.83414,-0.157057432031242,"Trial04_KRLr4_69"
"Trial04_KRLr4_69","KRLr4_69","29-Oct-19",2019-10-29 17:46:22,"default              ",819300971,26,"min",8.778,"mg/l","humid",28.967,"deg",36818,"uV",11,"∞C",1013,"mbar",30.3,"pmil",0,59,"deg",20,"∞C",100,"%a.s.",27,"deg",20,"∞C",1013,"mbar",0.808,-0.0803,0.000433,0,0,29.87,"humid",12,48.997,39267,"SAAA0005000123","     p1.4.0.6 ","PSt3","191029-0",191029,194400,1,6.183,"V",12,"2019.10.29_RESPR_T2","13",NA,"G4",12,"Euphausia pacifica","2.59","0.0252",2019-10-29 17:46:22,"Trial04",0.96465199374432,9.09965464947414,0.96465199374432,9.09965464947414,8.778,11,30.3,246.31068,-0.157057432031242,"Trial04_KRLr4_69"
"Trial04_KRLr4_69","KRLr4_69","29-Oct-19",2019-10-29 17:46:23,"default              ",819300971,26.02,"min",8.797,"mg/l","humid",28.944,"deg",36601,"uV",11,"∞C",1013,"mbar",30.3,"pmil",0,59,"deg",20,"∞C",100,"%a.s.",27,"deg",20,"∞C",1013,"mbar",0.808,-0.0803,0.000433,0,0,29.87,"humid",12,48.997,39252,"SAAA0005000123","     p1.4.0.6 ","PSt3","191029-0",191029,194400,1,6.183,"V",12,"2019.10.29_RESPR_T2","13",NA,"G4",12,"Euphausia pacifica","2.59","0.0252",2019-10-29 17:46:23,"Trial04",0.966739985072771,9.09965464947414,0.966739985072771,9.09965464947414,8.797,11,30.3,246.84382,-0.157057432031242,"Trial04_KRLr4_69"
"Trial04_KRLr4_69","KRLr4_69","29-Oct-19",2019-10-29 17:46:24,"default              ",819300971,26.03,"min",8.787,"mg/l","humid",28.956,"deg",36746,"uV",11,"∞C",1013,"mbar",30.3,"pmil",0,59,"deg",20,"∞C",100,"%a.s.",27,"deg",20,"∞C",1013,"mbar",0.808,-0.0803,0.000433,0,0,29.87,"humid",12,48.997,39240,"SAAA0005000123","     p1.4.0.6 ","PSt3","191029-0",191029,194400,1,6.182,"V",12,"2019.10.29_RESPR_T2","13",NA,"G4",12,"Euphausia pacifica","2.59","0.0252",2019-10-29 17:46:24,"Trial04",0.965641042268323,9.09965464947414,0.965641042268323,9.09965464947414,8.787,11,30.3,246.56322,-0.157057432031242,"Trial04_KRLr4_69"
"Trial04_KRLr4_69","KRLr4_69","29-Oct-19",2019-10-29 18:16:08,"default              ",819300971,55.77,"min",8.534,"mg/l","humid",29.278,"deg",34525,"uV",11,"∞C",1013,"mbar",30.3,"pmil",0,59,"deg",20,"∞C",100,"%a.s.",27,"deg",20,"∞C",1013,"mbar",0.808,-0.0803,0.000433,0,0,29.87,"humid",12,48.997,39338,"SAAA0005000123","     p1.4.0.6 ","PSt3","191029-0",191029,194400,1,6.184,"V",12,"2019.10.29_RESPR_T2","13",NA,"G4",12,"Euphausia pacifica","2.59","0.0252",2019-10-29 18:16:08,"Trial04",0.937837789315792,9.09965464947414,0.937837789315792,9.09965464947414,8.534,11,30.3,239.46404,-0.157057432031242,"Trial04_KRLr4_69"
"Trial04_KRLr4_69","KRLr4_69","29-Oct-19",2019-10-29 18:30:20,"default              ",819300971,69.97,"min",8.39,"mg/l","humid",29.466,"deg",34015,"uV",11,"∞C",1013,"mbar",30.3,"pmil",0,59,"deg",20,"∞C",100,"%a.s.",27,"deg",20,"∞C",1013,"mbar",0.808,-0.0803,0.000433,0,0,29.87,"humid",12,48.997,39342,"SAAA0005000123","     p1.4.0.6 ","PSt3","191029-0",191029,194400,1,6.186,"V",12,"2019.10.29_RESPR_T2","13",NA,"G4",12,"Euphausia pacifica","2.59","0.0252",2019-10-29 18:30:20,"Trial04",0.922013012931743,9.09965464947414,0.922013012931743,9.09965464947414,8.39,11,30.3,235.4234,-0.157057432031242,"Trial04_KRLr4_69"
"Trial04_KRLr4_69","KRLr4_69","29-Oct-19",2019-10-29 17:30:58,"default              ",819300971,10.6,"min",8.778,"mg/l","humid",28.968,"deg",36237,"uV",11,"∞C",1013,"mbar",30.3,"pmil",0,59,"deg",20,"∞C",100,"%a.s.",27,"deg",20,"∞C",1013,"mbar",0.808,-0.0803,0.000433,0,0,29.87,"humid",12,48.997,39185,"SAAA0005000123","     p1.4.0.6 ","PSt3","191029-0",191029,194400,1,6.184,"V",12,"2019.10.29_RESPR_T2","13",NA,"G4",12,"Euphausia pacifica","2.59","0.0252",2019-10-29 17:30:58,"Trial04",0.96465199374432,9.09965464947414,0.96465199374432,9.09965464947414,8.778,11,30.3,246.31068,-0.157057432031242,"Trial04_KRLr4_69"
"Trial04_KRLr4_69","KRLr4_69","29-Oct-19",2019-10-29 18:00:51,"default              ",819300971,40.48,"min",8.714,"mg/l","humid",29.048,"deg",38646,"uV",11,"∞C",1013,"mbar",30.3,"pmil",0,59,"deg",20,"∞C",100,"%a.s.",27,"deg",20,"∞C",1013,"mbar",0.808,-0.0803,0.000433,0,0,29.87,"humid",12,48.997,39242,"SAAA0005000123","     p1.4.0.6 ","PSt3","191029-0",191029,194400,1,6.183,"V",12,"2019.10.29_RESPR_T2","13",NA,"G4",12,"Euphausia pacifica","2.59","0.0252",2019-10-29 18:00:51,"Trial04",0.957618759795853,9.09965464947414,0.957618759795853,9.09965464947414,8.714,11,30.3,244.51484,-0.157057432031242,"Trial04_KRLr4_69"
"Trial04_KRLr4_69","KRLr4_69","29-Oct-19",2019-10-29 18:45:22,"default              ",819300971,85,"min",8.354,"mg/l","humid",29.514,"deg",36120,"uV",11,"∞C",1013,"mbar",30.3,"pmil",0,59,"deg",20,"∞C",100,"%a.s.",27,"deg",20,"∞C",1013,"mbar",0.808,-0.0803,0.000433,0,0,29.87,"humid",12,48.997,39294,"SAAA0005000123","     p1.4.0.6 ","PSt3","191029-0",191029,194400,1,6.185,"V",12,"2019.10.29_RESPR_T2","13",NA,"G4",12,"Euphausia pacifica","2.59","0.0252",2019-10-29 18:45:22,"Trial04",0.918056818835731,9.09965464947414,0.918056818835731,9.09965464947414,8.354,11,30.3,234.41324,-0.157057432031242,"Trial04_KRLr4_69"
"Trial04_KRLr4_69","KRLr4_69","29-Oct-19",2019-10-29 19:14:34,"default              ",819300971,114.2,"min",8.148,"mg/l","humid",29.791,"deg",33990,"uV",11,"∞C",1013,"mbar",30.3,"pmil",0,59,"deg",20,"∞C",100,"%a.s.",27,"deg",20,"∞C",1013,"mbar",0.808,-0.0803,0.000433,0,0,29.87,"humid",12,48.997,39411,"SAAA0005000123","     p1.4.0.6 ","PSt3","191029-0",191029,194400,1,6.183,"V",12,"2019.10.29_RESPR_T2","13",NA,"G4",12,"Euphausia pacifica","2.59","0.0252",2019-10-29 19:14:34,"Trial04",0.895418597064105,9.09965464947414,0.895418597064105,9.09965464947414,8.148,11,30.3,228.63288,-0.157057432031242,"Trial04_KRLr4_69"
"Trial04_KRLr4_69","KRLr4_69","29-Oct-19",2019-10-29 17:30:57,"default              ",819300971,10.58,"min",8.788,"mg/l","humid",28.955,"deg",34262,"uV",11,"∞C",1013,"mbar",30.3,"pmil",0,59,"deg",20,"∞C",100,"%a.s.",27,"deg",20,"∞C",1013,"mbar",0.808,-0.0803,0.000433,0,0,29.87,"humid",12,48.997,39192,"SAAA0005000123","     p1.4.0.6 ","PSt3","191029-0",191029,194400,1,6.181,"V",12,"2019.10.29_RESPR_T2","13",NA,"G4",12,"Euphausia pacifica","2.59","0.0252",2019-10-29 17:30:57,"Trial04",0.965750936548768,9.09965464947414,0.965750936548768,9.09965464947414,8.788,11,30.3,246.59128,-0.157057432031242,"Trial04_KRLr4_69"
